id,domain,status,purchase_price,renewal_price,attractiveness,demand,length,registrar,created_at,expires_at,status_verified_at
211b522d-df3e-4fd5-9f3e-5da93e7fde22,davidson.partners,available,20.99,71.99,high,low,8,namesilo,,,25/09/2026 15:02
617a5b66-e464-4681-b5d2-7cfc84e7fcfa,anti.partners,available,10.48,88.98,high,low,4,namecheap,,,
53e03215-67e6-4282-9909-0b30bea1292c,befuddled.partners,available,10.48,88.98,medium,low,9,namecheap,,,07/08/2026 11:41
f7145cad-0fbd-4c56-8808-33220584f5f5,behalf.partners,available,10.48,88.98,high,low,6,namecheap,,,23/09/2026 03:04
4bca9a6f-ca0f-483d-9168-7458ef2253b9,commonweal.partners,available,13.99,,medium,low,11,name.com,,,
be3ddcd8-f7a7-4729-8c8b-a63606942b53,allelic.partners,available,10.48,88.98,medium,low,7,namecheap,,,
0879c10b-43d9-43dd-bf15-2adc55a96287,exhusband.partners,available,10.48,88.98,medium,low,10,namecheap,,,17/08/2026 15:21
08236876-4da5-4a3f-b9e8-e142417e3be6,disorderly.partners,available,10.48,88.98,medium,low,10,namecheap,,,14/08/2026 11:51
d839bd72-0483-4002-932d-3075ceb39ddd,edge.partners,premium,118.8,118.8,high,medium,4,namesilo,,,23/09/2026 01:34
6599150b-3796-4260-afad-23ce8478f901,niner.partners,available,10.48,88.98,medium,low,5,namecheap,,,
c0adbecf-eecc-46f7-a900-3517bcb3ba49,clique.partners,available,20.99,71.99,high,low,6,namesilo,,,24/09/2026 15:47
876becea-9150-40ca-b9eb-8e82e90c7406,unbecoming.partners,available,10.48,88.98,high,low,10,namecheap,,,22/08/2026 02:19
8b51bd6e-affe-483d-89b3-57ad84cba344,cheetah.partners,available,20.99,71.99,high,low,7,namesilo,,,17/09/2026 01:33
c294331e-d32d-4793-8ec0-3963472c01ed,pumping.partners,available,10.48,88.98,high,low,7,namecheap,,,17/09/2026 18:09
050673e3-c007-4398-b218-69e337cb343d,counts.partners,available,10.48,88.98,high,low,6,namecheap,,,18/09/2026 18:14
58381241-7cc1-4983-8444-15be0cea5fc3,disclaimer.partners,available,13.99,92.99,high,low,10,name.com,,,24/09/2026 22:28
e74e8280-ef64-45c5-9816-04ed904eee72,wars.partners,available,20.99,71.99,medium,low,4,namesilo,,,18/09/2026 16:04
2f79816e-4f95-401e-aacf-8cebb402bd63,binnacle.partners,available,20.99,71.99,medium,low,8,namesilo,,,23/09/2026 17:36
84935e24-283c-4c07-a7c9-cb79bcbcf62d,fruity.partners,available,10.48,88.98,high,low,6,namecheap,,,06/08/2026 21:00
6aa56644-dc72-4ec0-bd24-4c3fcd48466a,molybdenum.partners,available,10.48,88.98,medium,low,10,namecheap,,,20/09/2026 23:05
8766a849-875e-496b-b69a-435bbb0b92d6,hemal.partners,available,10.48,88.98,medium,low,5,namecheap,,,20/08/2026 21:41
46b60fb6-21aa-42ae-909e-4f7b4b413700,reusable.partners,available,10.48,88.98,high,low,8,namecheap,,,09/09/2026 11:33
70299f75-e724-4d7b-b6a8-711a5ba0e994,discoid.partners,available,10.48,88.98,medium,low,7,namecheap,,,14/08/2026 09:38
9749fa09-c799-4aba-bbaa-b51ce71ce338,smarts.partners,available,10.48,88.98,high,low,6,namecheap,,,16/09/2026 18:16
a3e64bcc-bfcc-48a0-80e4-15fcd82b50b2,lavatory.partners,available,10.48,88.98,high,low,8,namecheap,,,09/09/2026 02:14
338f6a55-41d4-448e-9dbf-a3ca30cdf3c9,enviable.partners,available,10.48,88.98,high,low,8,namecheap,,,24/09/2026 14:16
056bb7ac-b521-498d-9d36-efa19bc57d5c,stolid.partners,available,10.48,88.98,medium,low,6,namecheap,,,21/08/2026 21:51
8584dc86-108a-43a9-9e31-41cb001136cf,palladium.partners,available,10.48,88.98,high,low,9,namecheap,,,20/09/2026 23:10
4baf9a07-7815-4529-941d-e6f7b638be73,fingers.partners,available,13.99,,medium,low,7,name.com,,,
11dd7056-fd7c-479c-854a-170bfa22f772,coherently.partners,available,13.99,,medium,low,10,name.com,,,
bae30c28-c33b-4a3d-9a50-5e022502e0bc,comforting.partners,available,10.48,88.98,high,low,10,namecheap,,,12/08/2026 03:43
9c387f2e-3e2b-44b1-991b-c95558d9f713,year.partners,available,13.99,,high,low,4,name.com,,,
d3f83272-91a3-40c3-8a6d-05a84516afda,appointed.partners,available,10.48,88.98,high,low,9,namecheap,,,06/08/2026 07:21
7262efb7-e5bd-4a28-acfb-88d5c027290c,eldest.partners,available,10.48,88.98,high,low,6,namecheap,,,16/08/2026 02:19
310ce0a2-4bfa-4265-930a-f124e7c7f231,bier.partners,available,20.99,71.99,medium,low,4,namesilo,,,23/09/2026 13:47
11234834-689a-4d38-8bbe-89745019d593,heatable.partners,available,10.48,88.98,medium,low,8,namecheap,,,21/08/2026 02:15
ac5121cd-b5fc-47a9-98a6-7c27fea7d1a6,balladeer.partners,available,20.99,71.99,medium,low,9,namesilo,,,21/09/2026 22:45
482ac971-b781-40fb-b42c-e9f1be447b71,gobsmacked.partners,available,10.48,88.98,high,low,10,namecheap,,,20/08/2026 16:00
6fd5d482-0ffd-411b-a430-73c53aef2de5,incorrupt.partners,available,10.48,88.98,high,low,9,namecheap,,,22/08/2026 02:01
6019a748-17f0-4c8b-8e59-3fa57bd26128,motherly.partners,available,10.48,88.98,high,low,8,namecheap,,,25/08/2026 07:06
904de1db-6090-450b-83c4-689cfebe376f,ascender.partners,available,20.99,71.99,high,low,8,namesilo,,,20/09/2026 13:07
ffead445-d6b1-44ac-a889-d221d12cabbc,scandal.partners,available,13.99,,high,low,7,name.com,,,
258a6c9b-6ae8-44e1-9846-dc9dcf20aadf,prolific.partners,available,20.99,71.99,high,low,8,namesilo,,,27/09/2026 07:21
4865497c-cca1-4d07-88d5-de03069ad41b,plosive.partners,available,10.48,88.98,medium,low,7,namecheap,,,04/09/2026 00:16
7b9c8e70-4485-47d0-8c61-5b9a1723e7a3,granted.partners,available,20.99,71.99,high,low,7,namesilo,,,24/09/2026 22:19
f9acfaaa-cc4b-4202-8bf7-80fd6f183c07,filiform.partners,available,10.48,88.98,medium,low,8,namecheap,,,18/08/2026 04:04
5f935513-1a68-4247-9f19-b071371351d5,amoeba.partners,available,20.99,71.99,high,low,6,namesilo,,,18/09/2026 17:41
e2ea3925-5296-4290-bd20-d5561b32007b,estival.partners,available,10.48,88.98,medium,low,7,namecheap,,,
6343135b-23a8-4da0-8d0e-23ccf2f3ed12,fever.partners,available,13.99,,high,low,5,name.com,,,
b432af94-abaa-4846-858e-8b4d03e805df,wayward.partners,available,10.48,88.98,high,low,7,namecheap,,,13/09/2026 08:49
e54170b3-f296-4f3d-a0a9-e422dccefb0b,meagre.partners,available,10.48,88.98,medium,low,6,namecheap,,,24/08/2026 18:04
b5112d6a-7045-4abb-aefe-ef0fda3e4234,mooch.partners,available,10.48,88.98,medium,low,5,namecheap,,,11/08/2026 09:27
713426be-53ef-4f46-817c-5375e405e05f,uruguayan.partners,available,10.48,88.98,high,low,9,namecheap,,,12/09/2026 23:55
17f9e91d-487e-43f7-9ed9-39796d63e32a,absurdity.partners,available,10.48,88.98,high,low,9,namecheap,,,16/09/2026 18:39
0c4d939e-827b-407c-98c6-8fd7f43e830d,place.partners,premium,118.8,118.8,high,low,5,namesilo,,,24/09/2026 23:57
097e264a-d46f-4d2b-8865-77e8046b3dca,bedrest.partners,available,20.99,71.99,high,low,7,namesilo,,,22/09/2026 23:03
7fd9c01e-25ed-4b96-b002-e2cfb5de2b3b,beneficent.partners,available,10.48,88.98,medium,low,10,namecheap,,,09/08/2026 14:22
c7c22f59-a0cc-42cd-a341-2864fbc8453b,prying.partners,available,10.48,88.98,medium,low,6,namecheap,,,03/09/2026 21:52
34dd1289-955c-431d-a1f3-1c7c3fce8421,desirous.partners,available,10.48,88.98,medium,low,8,namecheap,,,14/08/2026 03:49
9fbd57c7-e517-4696-9310-09143211c7f3,laffer.partners,available,20.99,71.99,medium,low,6,namesilo,,,20/09/2026 10:59
ec59665e-ef2e-44ee-9db6-834860d3394f,presently.partners,available,13.99,,high,low,9,name.com,,,
69a8e36f-0b01-4cbd-952d-b46ddd484580,fuckster.partners,available,13.99,,medium,low,8,name.com,,,
513bb358-28b9-4025-8e8b-6d7d0fc3e030,disastrous.partners,available,10.48,88.98,medium,low,10,namecheap,,,11/08/2026 13:30
11c5a3fa-a28b-4716-8ce7-7ec79267bb0d,beethoven.partners,available,20.99,71.99,high,low,9,namesilo,,,23/09/2026 01:53
a8fc1dcc-6ddd-492a-80e2-7e64b63848cc,wording.partners,available,13.99,,high,low,7,name.com,,,
227933d6-68ff-4d6b-9d51-ea338e44af7a,reprint.partners,available,10.48,88.98,high,low,7,namecheap,,,10/09/2026 04:03
b4c75248-8e13-4dd5-bb45-17aa5183de5b,tyro.partners,available,10.48,88.98,high,low,4,namecheap,,,23/09/2026 02:27
423b3141-0f97-49d6-8128-0026017e7aeb,smoke.partners,available,13.99,,high,low,5,name.com,,,
9bc4be26-c3b4-495b-a6a4-a7cfd8f3544b,iso.partners,available,,,high,high,3,,,,
527c0fab-cdaa-4a15-8a87-6154bd7b8178,anjou.partners,available,20.99,71.99,high,low,5,namesilo,,,19/09/2026 09:39
d08ab1f0-d50d-4480-832d-77fd3e160913,glad.partners,available,10.48,88.98,high,low,4,namecheap,,,22/09/2026 18:28
193f6d64-a67c-4010-b5e3-422e9d6fc3a7,bishkek.partners,available,20.99,71.99,medium,low,7,namesilo,,,23/09/2026 21:43
cb76a18c-d759-4132-98b4-1c934dcf2e78,middlemost.partners,available,10.48,88.98,medium,low,10,namecheap,,,24/08/2026 22:27
069707d3-dd43-42d9-af42-38ace3dec8c7,bellows.partners,available,20.99,71.99,high,low,7,namesilo,,,23/09/2026 06:26
3a89cbb8-40f6-4947-85ba-e1d241dfa589,ser.partners,available,13.99,,high,low,3,name.com,,,
bf4eb3d9-5b5c-409e-8aa9-7616140ca2b2,footed.partners,available,10.48,88.98,medium,low,6,namecheap,,,18/08/2026 10:43
ca076b8d-fa37-479c-ac8b-6be05895b518,unshared.partners,available,10.48,88.98,medium,low,8,namecheap,,,12/09/2026 19:38
4df1d1b8-b239-4577-999e-93cff6de7b98,msc.partners,available,20.99,71.99,high,low,3,namesilo,,,27/09/2026 04:42
02ad6322-57b6-4db0-952d-f37726762428,untapped.partners,available,10.48,88.98,high,low,8,namecheap,,,12/09/2026 21:02
dc578ea8-151c-4d32-a0f0-d4215d1af545,moribund.partners,available,10.48,88.98,medium,low,8,namecheap,,,25/08/2026 06:31
c5f85b0c-2dee-4fef-a989-f4f4894b2be2,knotty.partners,available,10.48,88.98,medium,low,6,namecheap,,,08/08/2026 08:12
1b66cb0a-03b6-46b9-8f92-2405b499edd5,volcanic.partners,available,10.48,88.98,high,low,8,namecheap,,,13/09/2026 06:48
a62888fc-7377-4c1b-9dc9-b2b8e6fff117,scabby.partners,available,10.48,88.98,medium,low,6,namecheap,,,09/09/2026 22:13
fa5b8289-8561-4aef-b8a8-ffe8ee4d4519,occitan.partners,available,10.48,88.98,high,low,7,namecheap,,,09/09/2026 04:30
5307cf3f-b58b-4ee2-a0be-37b418841df6,sully.partners,available,10.48,88.98,medium,low,5,namecheap,,,24/08/2026 12:51
a392130f-1563-482e-8d3d-86a1a9526a3a,beater.partners,available,10.48,88.98,high,low,6,namecheap,,,22/09/2026 21:38
92ca24df-35dd-4da4-a369-2e2913fb2db8,bra.partners,available,13.99,,high,low,3,name.com,,,
1a7a606e-013f-403e-ba5e-c17de9a615d1,tolu.partners,available,13.99,92.99,high,low,4,name.com,,,22/09/2026 00:08
2c67ee21-82ac-4187-a347-6ab4fcab70aa,ferdinand.partners,available,20.99,71.99,high,low,9,namesilo,,,25/09/2026 05:57
20025803-a400-4c0e-a7d7-5ae40b4b9d76,uncoupled.partners,available,10.48,88.98,medium,low,9,namecheap,,,12/09/2026 06:17
2880b24c-46bd-4c43-8375-9bc8969ccdb7,grinder.partners,available,10.48,88.98,medium,low,7,namecheap,,,25/08/2026 03:40
6b199dd3-1020-49c9-9a0a-c1d6dfc4b4a9,allegory.partners,available,20.99,71.99,high,low,8,namesilo,,,18/09/2026 10:41
d30e2309-3cec-4372-bd2f-596bd6076041,haired.partners,available,10.48,88.98,medium,low,6,namecheap,,,20/08/2026 22:09
085a605c-aef1-4943-a019-d62237520367,aconitum.partners,available,10.48,88.98,medium,low,8,namecheap,,,17/09/2026 02:06
aade0a0d-d13c-4f1b-8b0f-81d7b031a0f5,blewit.partners,available,10.48,88.98,low,low,7,namecheap,,,17/09/2026 21:32
bf34991a-e45a-4023-8cc5-b51fc46266a6,party.partners,premium,118.8,118.8,high,medium,5,namesilo,,,19/09/2026 09:39
76aeceaa-feb9-4052-b1d7-9c97e9f04a78,appreciation.partners,available,13.99,,high,low,12,name.com,,,
6c575780-a1d1-4a5f-8033-a85b5b9ea565,breastless.partners,available,10.48,88.98,medium,low,10,namecheap,,,11/08/2026 03:14
4ebcf693-b46d-49bb-8061-1dc457f6ace8,blustery.partners,available,10.48,88.98,medium,low,8,namecheap,,,10/08/2026 16:31
56a88b29-9cd8-42b2-8b8f-016603e06252,pens.partners,available,20.99,71.99,medium,low,4,namesilo,,,20/09/2026 04:15
f85eaedd-d8f3-4666-aef6-a6d984446095,eastside.partners,available,10.48,88.98,high,low,8,namecheap,,,14/08/2026 22:58
cd1fa795-04c0-42b7-ab57-4aba97f22f42,convolute.partners,available,10.48,88.98,medium,low,9,namecheap,,,12/08/2026 23:57
6a52ba97-e3d8-49c1-9d15-a740be53043b,shoal.partners,available,10.48,88.98,high,low,5,namecheap,,,10/09/2026 05:46
745bff4e-6629-4ab0-a1ad-64db776d3f78,qualifying.partners,available,10.48,88.98,high,low,10,namecheap,,,23/08/2026 12:37
8abbc166-62d6-46c1-a2e3-6a179d2a6456,somerville.partners,available,20.99,71.99,medium,low,10,namesilo,,,27/09/2026 01:44
285d30ec-938c-4963-8738-509fcc20af98,bottomless.partners,available,10.48,88.98,high,low,10,namecheap,,,10/08/2026 21:21
ba4403e7-2bec-4d26-84ba-6741300c61cb,apace.partners,available,10.48,88.98,medium,low,5,namecheap,,,13/09/2026 20:22
387ce9b4-2d5a-4c43-9ebc-684c63209175,adad.partners,available,20.99,71.99,medium,low,4,namesilo,,,17/09/2026 06:02
862cf88a-d490-4761-943b-12f618c9512c,didactic.partners,available,10.48,88.98,high,low,8,namecheap,,,14/08/2026 06:41
f4f68ee6-78e0-473f-84ad-51efb116d957,coyol.partners,available,13.99,92.99,medium,low,5,name.com,,,17/09/2026 03:38
4cd41a2b-3f68-48a4-bdd6-d42a414f817a,badinage.partners,available,20.99,71.99,medium,low,8,namesilo,,,21/09/2026 17:13
6592afee-bb14-4154-9a19-93e5f1dff9c1,dental.partners,premium,85.8,85.8,high,low,6,namecheap,,,22/09/2026 02:57
207ee1a7-9060-4e4f-a5c6-363ccc84f0b4,add.partners,premium,118.8,118.8,high,low,3,namesilo,,,
e1cd9fe3-d900-4950-adb1-2ebd755bc715,dji.partners,available,13.99,,high,low,3,name.com,,,
dafab31e-626b-4d09-b647-19e34909f6db,bedhead.partners,available,13.99,,medium,low,8,name.com,,,
c1a7a15c-032d-46d7-9d1f-55668603a0cd,barbu.partners,available,10.48,88.98,medium,low,5,namecheap,,,22/09/2026 05:04
518071a2-ba40-4f94-ac52-04ce48aabf72,suety.partners,available,10.48,88.98,low,low,5,namecheap,,,11/09/2026 01:08
5b59e3e6-d1a3-4cbc-8782-a68bc637dd87,figural.partners,available,10.48,88.98,medium,low,7,namecheap,,,18/08/2026 03:51
e79e0351-4aeb-48ab-82df-901325f76363,awaken.partners,available,20.99,71.99,high,low,6,namesilo,,,22/09/2026 14:40
20b24aeb-5a56-4a60-98e6-675291f6c3f0,orphan.partners,available,13.99,,high,low,6,name.com,,,
738d235d-56d7-40fc-b2d9-f0e14b7ef6fb,mods.partners,available,13.99,,high,low,4,name.com,,,
36e4c448-70b6-4bd4-a969-c577aad82e1c,baguette.partners,available,13.99,,high,low,8,name.com,,,
7a885b8c-f138-44c1-a0f4-3698d02c78d1,analogy.partners,available,13.99,,high,low,7,name.com,,,
9f467fdd-5f8d-4e3d-97f7-9439d528dc13,aluminum.partners,available,20.99,71.99,high,low,8,namesilo,,,18/09/2026 00:21
424d549f-6cb3-402a-a2e9-8416194d2331,audiotape.partners,available,20.99,71.99,high,low,9,namesilo,,,21/09/2026 03:01
d03fba2d-7008-4a19-87ac-377a11241789,promoter.partners,available,13.99,,high,low,8,name.com,,,
51c5b0f6-6f32-42d3-bd82-108f36ee8a38,gilding.partners,available,10.48,88.98,high,low,7,namecheap,,,18/08/2026 23:37
ae3ff702-6611-4f36-9bb3-6b190feb08ae,splendidly.partners,available,10.48,88.98,high,low,10,namecheap,,,14/09/2026 16:44
9455aa98-2180-46ed-b173-039ade5f1198,licking.partners,available,10.48,88.98,high,low,7,namecheap,,,13/09/2026 11:11
323bfd40-48ba-462d-ac7b-8d78f0a6adb0,senses.partners,available,13.99,,high,low,6,name.com,,,
af56a532-b99d-489a-86bc-f3ae30697e7c,nowhere.partners,available,13.99,,high,low,7,name.com,,,
c94fd682-2ae2-4b14-8081-ef72e458da2f,peirce.partners,available,20.99,71.99,high,low,6,namesilo,,,23/09/2026 08:23
f833d506-6e9f-4656-afaa-94c4b38c7532,gas.partners,premium,118.8,118.8,high,low,3,namesilo,,,23/09/2026 01:57
27b23d87-51f1-4d3e-a684-461b9340a444,posting.partners,available,13.99,,high,low,7,name.com,,,
4deacdd8-6f18-4809-bb97-652c86d076ff,nostrils.partners,available,13.99,,medium,low,8,name.com,,,
41aa97d9-c90d-49fe-8d5d-ce57eba7792f,factual.partners,available,10.48,88.98,high,low,7,namecheap,,,17/08/2026 20:31
d347d899-de30-4cf0-a132-1e246d6fc2b7,breathed.partners,available,10.48,88.98,medium,low,8,namecheap,,,11/08/2026 03:16
4585f887-747c-4b27-b410-edf525308e5c,souse.partners,available,10.48,88.98,medium,low,5,namecheap,,,
086f831e-5126-4672-b46e-635e8f8d6397,aliyah.partners,available,20.99,71.99,high,low,6,namesilo,,,18/09/2026 08:11
c560dac4-cdb1-4450-844a-92d6b84a15f7,needfully.partners,available,10.48,88.98,medium,low,9,namecheap,,,15/09/2026 16:20
2b3d3a7e-db0d-4101-b0d3-752917150e92,overhasty.partners,available,10.48,88.98,medium,low,9,namecheap,,,04/09/2026 20:44
595de7a8-990c-42ad-879d-218f0062156f,pools.partners,available,20.99,71.99,high,low,5,namesilo,,,16/09/2026 13:57
92c94418-a6ea-4b79-b4da-e9ac28d1fa74,earthbound.partners,available,10.48,88.98,high,low,10,namecheap,,,14/08/2026 22:37
827e16db-adfc-4821-9664-447510391e90,partitioned.partners,available,20.99,71.99,low,low,11,namesilo,,,18/09/2026 12:14
19d1ab2f-62d6-4532-b890-3b0973c4a7ed,technique.partners,available,13.99,,high,low,9,name.com,,,
038e5e6b-4215-495b-945d-f3cd42bbbbff,suspense.partners,available,13.99,,high,low,8,name.com,,,
198c3c11-c2ab-4872-becf-b71120ecc7b5,blowback.partners,available,20.99,71.99,medium,low,8,namesilo,,,21/09/2026 15:28
5fd00b06-9b23-4c88-a916-7617d40fd3f5,angelus.partners,available,20.99,71.99,high,low,7,namesilo,,,19/09/2026 06:03
a034eabb-bb77-4703-a88d-fedbc7c302e0,touchable.partners,available,10.48,88.98,high,low,9,namecheap,,,11/09/2026 07:57
b4bd4012-d41a-4e7a-bfb0-d60f9afaa1a1,amiss.partners,available,10.48,88.98,high,low,5,namecheap,,,
a2bcbe59-f1c9-4d77-a85d-5f12d02d6a5f,extant.partners,available,10.48,88.98,medium,low,6,namecheap,,,17/08/2026 18:56
a03b7d28-7f51-4077-98eb-9393dd32113a,wanton.partners,available,10.48,88.98,medium,low,6,namecheap,,,25/08/2026 07:57
8f22b982-e032-42c7-be9a-c6e9f6c72f2e,sumerian.partners,available,10.48,88.98,high,low,8,namecheap,,,11/09/2026 01:33
ac4c01e0-9cf9-4557-a915-7b942cf1e9b9,wanderer.partners,available,10.48,88.98,high,low,8,namecheap,,,23/09/2026 20:11
742aca57-2314-472a-88a9-5f595ad92b1c,busted.partners,available,20.99,71.99,medium,low,6,namesilo,,,23/09/2026 12:06
92717121-338d-4140-9e8e-2ea5d78c665a,balloonist.partners,available,20.99,71.99,high,low,10,namesilo,,,21/09/2026 23:14
501fb0d3-6fb8-4bde-b5bf-47591f09e56e,fail.partners,premium,118.8,118.8,medium,low,4,namesilo,,,
023f9481-110b-4d65-b6e3-74780daa4c56,klaus.partners,available,20.99,71.99,high,low,5,namesilo,,,27/09/2026 01:38
f1c088b4-50da-42f1-8d2a-ab02e608bcfe,such.partners,available,13.99,,high,low,4,name.com,,,
59d481dd-546e-4d25-89b0-f3e19d891159,courtney.partners,available,10.48,88.98,high,low,8,namecheap,,,25/09/2026 21:37
0f020ece-843f-44e9-90ea-b186f751839b,finds.partners,available,20.99,71.99,high,low,5,namesilo,,,18/09/2026 15:38
99d17d2c-5dd4-4569-bc36-fb33d832e559,retrieve.partners,available,13.99,,high,low,8,name.com,,,
0912fec5-72b0-4a92-8d27-1ca4b3ab159f,sesotho.partners,available,20.99,71.99,medium,low,7,namesilo,,,22/09/2026 13:00
97db675c-1f54-4da0-81ce-1516e11626ac,iambic.partners,available,10.48,88.98,medium,low,6,namecheap,,,21/08/2026 17:28
694857d7-6c2d-4abd-9152-c685c8bb5489,shortest.partners,available,20.99,71.99,medium,low,8,namesilo,,,17/09/2026 14:24
79ad8835-6762-4e5b-9b00-f5421fec9e7b,mildness.partners,available,20.99,71.99,high,low,8,namesilo,,,24/09/2026 15:30
3495fe2c-9e1a-483d-8b3a-5978a8a7e25e,saucepan.partners,available,13.99,,high,low,8,name.com,,,
ca8c4c68-b358-4fac-ae7e-8fe03046aac6,teetotal.partners,available,10.48,88.98,medium,low,8,namecheap,,,11/09/2026 10:14
2adc3845-80a0-46f6-983e-6c9fe724eea0,unsold.partners,available,10.48,88.98,medium,low,6,namecheap,,,12/09/2026 20:17
3e3b1fcc-9fee-4158-bf4b-a0a576d83e8a,amherst.partners,available,20.99,71.99,high,low,7,namesilo,,,25/09/2026 12:38
4c6cf3b3-509f-4430-8720-c7a2ade0fd6a,fashioned.partners,available,10.48,88.98,high,low,9,namecheap,,,17/08/2026 23:02
70d16fca-7c6a-4834-bda2-f9f6f7377a0d,blamed.partners,available,10.48,88.98,medium,low,6,namecheap,,,10/08/2026 12:39
071fb224-3d83-4e13-aceb-60e9b0424f54,curving.partners,available,10.48,88.98,high,low,7,namecheap,,,13/08/2026 11:49
41ddda7e-30bd-4f9d-be35-fee47cb5bceb,lena.partners,available,20.99,71.99,high,low,4,namesilo,,,25/09/2026 08:55
75f1ee18-0367-4347-8d48-ad55d19090c4,tippy.partners,available,10.48,88.98,medium,low,5,namecheap,,,13/08/2026 04:55
ab511a2e-d34c-4775-9fdb-3d50115d5dbd,stan.partners,available,13.99,,high,low,4,name.com,,,
4b94043c-17d4-4ec8-9300-a1bacab51763,census.partners,available,10.48,88.98,high,low,6,namecheap,,,24/09/2026 13:32
c3472565-a877-456f-9fad-734817d0def3,agha.partners,available,20.99,71.99,medium,low,4,namesilo,,,17/09/2026 15:59
95b8b1bd-66fe-40de-9154-51359492ceed,tosh.partners,available,20.99,71.99,medium,low,4,namesilo,,,21/09/2026 23:54
63b51f14-67d4-4756-99f9-cee149bb69ab,danny.partners,available,20.99,71.99,medium,low,5,namesilo,,,25/09/2026 17:19
e6033068-dd5c-451e-918b-b46ca060136a,duplicity.partners,available,10.48,88.98,medium,low,9,namecheap,,,14/08/2026 16:52
beb04b2a-b39c-48ed-87ea-52456d505342,trades.partners,available,20.99,71.99,high,low,6,namesilo,,,25/09/2026 14:51
66beecb3-e34b-45a9-83d2-e75f8ad37a48,ruckle.partners,available,10.48,88.98,medium,low,6,namecheap,,,13/08/2026 07:12
ce3a935d-edc0-4680-9ee3-08a3155751ad,jumps.partners,available,13.99,,high,low,5,name.com,,,
df8bc69c-0daf-4e2a-b38e-9ab9f8a28991,humboldt.partners,available,20.99,71.99,high,low,8,namesilo,,,22/09/2026 07:04
7146b8c9-fedc-42a7-a303-828649460500,kingly.partners,available,10.48,88.98,high,low,6,namecheap,,,22/08/2026 16:17
5d258168-61dd-434b-8b3f-f97be134fe21,corrective.partners,available,20.99,71.99,high,low,10,namesilo,,,23/09/2026 23:46
3340637a-62b9-41dd-acb6-79eb26c9ab6f,hunger.partners,available,13.99,,high,low,6,name.com,,,
aac83f6f-a2d5-4df3-94c1-9a918653222d,irritating.partners,available,10.48,88.98,medium,low,10,namecheap,,,
d009d965-c57b-4440-8074-2d9d2595aafa,acrobatics.partners,available,20.99,71.99,high,low,10,namesilo,,,17/09/2026 03:19
863091ca-971b-4f34-99ad-bf20754d0f03,genetical.partners,available,10.48,88.98,medium,low,9,namecheap,,,18/08/2026 21:37
5552512c-8d22-4a31-af40-29231959d9fa,idiocy.partners,available,10.48,88.98,medium,low,6,namecheap,,,18/09/2026 18:58
0b4fe789-f352-4058-a1be-005e4180c092,hardware.partners,available,13.99,92.99,high,low,8,name.com,,,24/09/2026 16:57
b3eaa066-48d9-4721-86cb-eda1d4c28250,truce.partners,available,10.48,88.98,high,low,5,namecheap,,,20/09/2026 07:17
55921841-6ea4-4c28-9e6c-505ee33a2890,droning.partners,available,10.48,88.98,medium,low,7,namecheap,,,25/08/2026 05:28
cdc39070-de2d-4d19-9d24-87c282fabd6e,sudanese.partners,available,10.48,88.98,high,low,8,namecheap,,,11/09/2026 01:05
b6129bf0-ca10-4ef2-ac53-e6cf3d075601,grim.partners,available,10.48,88.98,medium,low,4,namecheap,,,14/08/2026 11:41
a539ec8f-7505-4794-b50f-c4bd6c3ddb4d,hover.partners,available,13.99,,high,low,5,name.com,,,
f9aaef4e-93c3-497d-b1cb-64c02df15a98,sotho.partners,available,10.48,88.98,medium,low,5,namecheap,,,10/09/2026 14:39
057b09c5-c038-448b-87cd-ab1e7cf2e3f0,sea.partners,available,,,high,low,3,,,,
76af4469-929b-43c0-b351-1ac1456029e7,overall.partners,available,20.99,71.99,high,low,7,namesilo,,,26/09/2026 03:25
97a8b8a9-cdba-49ef-a321-ed9c04cebc29,sapodilla.partners,available,10.48,88.98,medium,low,9,namecheap,,,17/09/2026 00:57
e619f6ef-bfdc-432e-93c8-515cbf7ed591,ticklish.partners,available,10.48,88.98,medium,low,8,namecheap,,,11/09/2026 15:33
d105f433-655a-42a9-92ea-e35ad408488c,immobile.partners,available,10.48,88.98,medium,low,8,namecheap,,,21/08/2026 21:05
04b729ae-6b3c-4e37-a481-b8363485bd34,copies.partners,available,20.99,71.99,medium,low,6,namesilo,,,27/09/2026 09:16
679db50e-9b93-4ed0-b144-ea9f0c714256,malay.partners,available,10.48,88.98,high,low,5,namecheap,,,24/08/2026 13:42
cfac80ee-4572-445d-983a-777a12a9c3d8,earned.partners,available,20.99,71.99,high,low,6,namesilo,,,24/09/2026 12:59
4f79633f-88f2-44ac-96e3-f6c8fe6c7669,substantial.partners,available,13.99,,high,low,11,name.com,,,
d73bcfc4-e826-47a3-b81e-5a19e31a1214,slatey.partners,available,10.48,88.98,medium,low,6,namecheap,,,10/09/2026 10:21
fa30c49d-74f8-488b-9418-a278a04a12d1,wharf.partners,available,13.99,,high,low,5,name.com,,,
997d1f93-3344-4f2e-ae47-34993394fffa,wire.partners,premium,500,,high,low,4,name.com,,,
abfd30e3-690c-4d41-b2c8-778f7991df28,hines.partners,available,20.99,71.99,high,low,5,namesilo,,,27/09/2026 07:58
8647e47f-263d-450f-a922-980fb5f00055,panoptic.partners,available,10.48,88.98,medium,low,8,namecheap,,,
0f704c67-51e6-4da6-bdb8-9dec1f69d18d,dawdling.partners,available,10.48,88.98,medium,low,8,namecheap,,,11/09/2026 19:40
86a43a8c-6c7f-4462-aa30-0b7968f3f112,formally.partners,available,10.48,88.98,high,low,8,namecheap,,,14/09/2026 19:42
87606b1c-1539-4794-968f-49ddc1ba97ed,arborvitae.partners,available,20.99,71.99,medium,low,10,namesilo,,,20/09/2026 00:54
3c468b1d-a3ea-454d-8839-eed944ac495b,profligate.partners,available,13.99,92.99,medium,low,10,name.com,,,13/08/2026 20:24
6cac1083-25a9-44be-aaa3-bb1ed7781e2c,combat.partners,available,10.48,88.98,high,low,6,namecheap,,,24/09/2026 18:08
42ba5d23-9238-498b-9b03-603a3c1c5e1c,blahs.partners,available,20.99,71.99,medium,low,5,namesilo,,,24/09/2026 03:42
cfba5845-197d-48ba-940c-fc98f6a3b54d,adit.partners,available,20.99,71.99,medium,low,4,namesilo,,,17/09/2026 08:21
9628e4d9-653c-4856-877f-b5863b941239,slippy.partners,available,10.48,88.98,medium,low,6,namecheap,,,10/09/2026 11:03
c82834ef-bc58-4b63-9b7e-a1f56db8804c,coach.partners,premium,118.8,118.8,high,low,5,namesilo,,,
c31c0cc7-0e56-40b0-b6e5-6458db7d6d23,ahorseback.partners,available,10.48,88.98,medium,low,10,namecheap,,,
031a7294-66f3-499a-8144-808e70511499,malleable.partners,available,10.48,88.98,medium,low,9,namecheap,,,14/08/2026 20:52
4e9a535c-0f4b-4126-b6fa-1351f0ec8879,pittsburgh.partners,available,13.99,,high,low,10,name.com,,,
ca7c37e7-1818-44a8-9076-d2091b6c6b37,disappointment.partners,available,13.99,,medium,low,14,name.com,,,
2398ac20-ba80-495a-8e65-9ba14d79a0aa,gloomy.partners,available,10.48,88.98,medium,low,6,namecheap,,,14/08/2026 11:40
c888c0a4-3896-4529-900c-18c96634cece,emotions.partners,available,20.99,71.99,medium,low,8,namesilo,,,27/09/2026 02:04
751ebfb2-51c3-4426-90f1-8d785659437e,reportedly.partners,available,10.48,88.98,medium,low,10,namecheap,,,15/09/2026 23:15
9936bdb8-e229-4bd6-a104-3167f064339c,clan.partners,available,10.48,88.98,high,low,4,namecheap,,,22/08/2026 16:05
d8929ad6-6f8f-437d-a72e-30af9685bdf1,markets.partners,premium,118.8,118.8,high,low,7,namesilo,,,23/09/2026 06:42
3550d933-293f-453d-ad1d-e9f07b4f5695,baraka.partners,available,20.99,71.99,high,low,6,namesilo,,,22/09/2026 04:07
0f73e36d-0f83-41b6-9300-1d33637b5f3e,burmese.partners,available,10.48,88.98,high,low,7,namecheap,,,11/08/2026 10:42
8b8664bf-3ca5-4f8c-b019-23a276706a6f,andrews.partners,available,20.99,71.99,high,low,7,namesilo,,,19/09/2026 04:49
b4c3c03e-f345-4f60-9312-31e03f824105,extrinsic.partners,available,10.48,88.98,medium,low,9,namecheap,,,17/08/2026 19:37
cdf74b77-daa2-4d1c-9138-86bfe9773b1e,stertorous.partners,available,10.48,88.98,low,low,10,namecheap,,,10/09/2026 20:21
34093bf0-3e52-4dbe-82d6-7ccaa4bfff52,segmental.partners,available,10.48,88.98,medium,low,9,namecheap,,,24/08/2026 21:41
db2a3e24-1648-4e46-8b27-1be81b8fef7a,shovels.partners,available,20.99,71.99,medium,low,7,namesilo,,,20/09/2026 10:22
86594a34-0705-4ed0-90f1-27685e2014aa,floaty.partners,available,10.48,88.98,high,low,6,namecheap,,,11/08/2026 10:08
aca93ca3-a0b0-4b9b-ade4-c96082cfde7d,carlisle.partners,available,20.99,71.99,high,low,8,namesilo,,,25/09/2026 14:54
eb8d65f7-4957-4fb9-bc62-f897e6b6d752,teensy.partners,available,10.48,88.98,high,low,6,namecheap,,,10/08/2026 08:01
0b38f2b4-c8b3-40c0-979f-5bf1ef263989,weirdly.partners,available,20.99,71.99,medium,low,7,namesilo,,,16/09/2026 11:23
73b8bac7-e91e-4ad5-a5da-524bc4ff825f,vegetarian.partners,available,13.99,,high,low,10,name.com,,,
12b3961e-0eec-4810-99d2-e74b494051da,veteran.partners,available,13.99,,high,low,7,name.com,,,
0c549e5e-2f4a-415e-b568-ae10e3a1cb1b,lenify.partners,available,10.48,88.98,medium,low,6,namecheap,,,18/08/2026 22:02
06374f82-f731-4602-b17b-d3b33961b4e6,properly.partners,available,10.48,88.98,medium,low,8,namecheap,,,13/08/2026 21:12
8c206e90-8260-4203-9edc-bb5343540a65,optative.partners,available,10.48,88.98,medium,low,8,namecheap,,,04/09/2026 16:54
01562830-c341-4a89-81a9-040d0cde388f,dried.partners,available,10.48,88.98,high,low,5,namecheap,,,14/08/2026 18:59
3f3293bd-3cf4-4a11-8e59-d509dea4e4e7,emotion.partners,available,13.99,,high,low,7,name.com,,,
90792c41-3972-4640-bef5-e9cf9237930d,diversify.partners,available,13.99,,high,low,9,name.com,,,
b0c21d5e-126b-41db-a677-87654273ded2,avogadro.partners,available,10.48,88.98,medium,low,8,namecheap,,,18/09/2026 17:51
030caf1e-0ef7-4e47-ad30-4f74decbf32d,algin.partners,available,10.48,88.98,medium,low,5,namecheap,,,18/09/2026 07:04
531168ee-8699-4b07-99c3-09180097f39e,apoidea.partners,available,10.48,88.98,medium,low,7,namecheap,,,19/09/2026 18:38
b9788994-165e-4217-ba11-8703411999d3,frigid.partners,available,10.48,88.98,medium,low,6,namecheap,,,18/08/2026 15:46
0e4be014-5f07-426d-881d-8e477eb622f3,neoplastic.partners,available,10.48,88.98,medium,low,10,namecheap,,,03/09/2026 15:29
6b1be7e0-7e66-4a82-99e4-de660426c057,affair.partners,available,20.99,71.99,high,low,6,namesilo,,,17/09/2026 13:59
698aad72-2dc3-44a6-9453-e8616f09f104,quiver.partners,available,10.48,88.98,high,low,6,namecheap,,,11/09/2026 19:13
434747d9-8248-4654-889f-13249b5a8175,tug.partners,available,13.99,,high,low,3,name.com,,,
2f48c22b-d4c4-46a7-9a0a-8d35a1d977cc,peccable.partners,available,10.48,88.98,medium,low,8,namecheap,,,08/09/2026 11:30
6db88a22-62e2-4b33-a592-4c0c96f39cad,alarm.partners,available,10.48,88.98,high,low,5,namecheap,,,
b7fadc42-3ef4-4de6-bde3-67e1c4db50d9,scowling.partners,available,10.48,88.98,medium,low,8,namecheap,,,09/08/2026 08:33
7c8ee975-a0ed-4020-bf5d-3b9f609592bd,strain.partners,available,13.99,,medium,low,6,name.com,,,
f5e25b10-53a4-418b-9d69-5ed24abe1b0e,stink.partners,available,13.99,,high,low,5,name.com,,,
93945683-9c4a-4dc9-aa31-334665c24100,claxon.partners,available,20.99,71.99,medium,low,6,namesilo,,,23/09/2026 01:29
0712ef14-4ea3-4753-92fd-b1fa5e70b009,hinterland.partners,available,10.48,88.98,high,low,10,namecheap,,,21/09/2026 14:33
fdcc684e-90d1-460b-a809-0487aab233df,understood.partners,available,13.99,,high,low,10,name.com,,,
0437785f-943c-45c4-8868-2c0c6ab66c46,forbidden.partners,available,10.48,88.98,medium,low,9,namecheap,,,18/08/2026 10:59
742dad42-e622-4fc5-9af4-c2017eaef4fb,worse.partners,available,13.99,,high,low,5,name.com,,,
1e1a5075-92c4-4d63-a2c4-903617313c09,unattached.partners,available,10.48,88.98,high,low,10,namecheap,,,18/08/2026 14:48
2df941fd-d585-45d2-a7c6-bbce3ff42f5a,inlaid.partners,available,10.48,88.98,medium,low,6,namecheap,,,22/08/2026 05:47
1000009f-ca10-488d-9754-de4ed422d1ee,eyesight.partners,available,13.99,,high,low,9,name.com,,,
27b75add-7dfd-4c9a-9727-b82d2e53ae2f,benign.partners,available,10.48,88.98,medium,low,6,namecheap,,,09/08/2026 14:36
706c7b9e-4501-4f88-8877-957202be7063,notes.partners,available,13.99,,high,low,5,name.com,,,
f2c8adf9-c14d-4eae-b83d-335068094599,horsehead.partners,available,20.99,71.99,medium,low,9,namesilo,,,20/09/2026 21:40
8886594e-8790-41ec-b4cb-c39c666530c2,substance.partners,available,10.48,88.98,high,low,9,namecheap,,,14/09/2026 23:41
9bd5bfea-00f1-4987-9322-b89a8c45f89a,fell.partners,available,10.48,88.98,medium,low,4,namecheap,,,08/08/2026 15:49
820640de-6f88-4a6b-8790-df4087b98280,failing.partners,available,10.48,88.98,medium,low,7,namecheap,,,17/08/2026 20:44
ffc72141-5d18-41f6-9620-7f01228b7b0b,bridal.partners,available,10.48,88.98,high,low,6,namecheap,,,11/08/2026 03:53
45cbdc31-50bc-4c6a-b412-e96b6519ee43,justified.partners,available,20.99,71.99,high,low,9,namesilo,,,25/09/2026 12:26
d580e9d1-3da2-4a43-b826-1c03fb53db9d,lorry.partners,available,13.99,,high,low,5,name.com,,,
7386476b-a6fc-443e-aa6c-e6903132f89d,spirea.partners,available,20.99,71.99,medium,low,6,namesilo,,,20/09/2026 17:27
bad0ccd0-8390-445b-a7b9-965b5f6cdddf,indulgent.partners,available,10.48,88.98,high,low,9,namecheap,,,22/08/2026 03:33
4d5baec4-af3f-4f0e-9210-c84aeecc4929,washed.partners,available,10.48,88.98,high,low,6,namecheap,,,13/09/2026 08:31
a4c69860-00e7-40b4-a90c-71b4a46efcea,briefs.partners,available,13.99,,high,low,6,name.com,,,
64487fb4-f3ff-4174-8e4d-ee763fe71378,shadowy.partners,available,10.48,88.98,medium,low,7,namecheap,,,10/09/2026 05:28
f00c40c5-f9d4-4e11-924c-f80609d3af88,unimportant.partners,available,13.99,,medium,low,11,name.com,,,
8a30f027-c0c8-42b4-9cb5-e5e8da4a1f30,gooney.partners,available,20.99,71.99,medium,low,6,namesilo,,,23/09/2026 23:44
46a82be0-5ee3-4d50-a3e8-d3f06909385d,analyst.partners,available,13.99,,high,low,7,name.com,,,
9be8df94-8664-4967-a97a-f27293f22864,neptunium.partners,available,20.99,71.99,medium,low,9,namesilo,,,21/09/2026 00:09
c01cff1d-73de-4820-8dd1-c245698bcfee,fused.partners,available,10.48,88.98,high,low,5,namecheap,,,22/09/2026 03:03
cfbec237-401e-4d8c-9698-0bd75787fd11,clipping.partners,available,20.99,71.99,high,low,8,namesilo,,,24/09/2026 15:47
3a661fbd-02a0-4b04-8201-a5876865a313,amanita.partners,available,20.99,71.99,medium,low,7,namesilo,,,18/09/2026 15:43
d6980f70-f8d3-4eab-8294-e8bf7be9521a,bemidji.partners,available,20.99,71.99,medium,low,7,namesilo,,,23/09/2026 07:16
7137168a-519a-4595-9d7a-7cdae4519182,wilful.partners,available,10.48,88.98,medium,low,6,namecheap,,,18/08/2026 16:39
cb9ff9d3-d9b6-4769-8daf-281d286b5e44,baritone.partners,available,10.48,88.98,medium,low,8,namecheap,,,08/08/2026 19:36
c6f0cfa7-9698-4225-ac9b-e053bb44e340,yell.partners,available,13.99,,medium,low,4,name.com,,,
1d891dae-4f29-4aa0-af28-7d3407f68771,vaughan.partners,available,20.99,71.99,high,low,7,namesilo,,,25/09/2026 10:35
41317fe0-40a0-4e24-8748-d15e918e038d,effected.partners,available,10.48,88.98,high,low,8,namecheap,,,15/08/2026 14:18
d3c2dc64-dfe5-4435-984c-98a935050262,zymoid.partners,available,10.48,88.98,medium,low,6,namecheap,,,13/09/2026 15:55
959b6048-11f4-4a1d-aa00-6dbe29bbc036,surrounded.partners,available,10.48,88.98,high,low,10,namecheap,,,16/08/2026 22:16
9cf57352-4f64-43d9-9d8c-e4d6dee26a1c,pumpkin.partners,available,20.99,71.99,high,low,7,namesilo,,,21/09/2026 08:26
9194650f-b3d9-4e95-81a0-3593af3e915d,anchorage.partners,available,20.99,71.99,high,low,9,namesilo,,,19/09/2026 03:43
e28076ce-ab96-4878-a153-28f4f1b4ca3c,shivaree.partners,available,20.99,71.99,medium,low,8,namesilo,,,23/09/2026 06:07
2bbc80e4-7d44-47bb-9d97-38cfca0b35a9,helmet.partners,available,20.99,71.99,high,low,6,namesilo,,,25/09/2026 23:05
c8c344a8-ab7b-4029-99e7-0a7c217e0c4e,glasses.partners,available,13.99,,high,low,7,name.com,,,
2c3b66d5-7f68-43cc-8eed-c0a02b41e5e8,farming.partners,available,10.48,88.98,high,low,7,namecheap,,,17/08/2026 22:33
d90f1376-86be-41f6-85bb-f8200c902de0,adelaide.partners,available,20.99,71.99,high,low,8,namesilo,,,17/09/2026 07:13
9974f268-45f1-4cd4-a7f1-ec744be4d0f0,sucks.partners,premium,78.54,78.54,medium,low,5,namesilo,,,18/09/2026 11:29
452c4d41-1368-4f56-ac10-07b4615a53c1,labial.partners,available,10.48,88.98,medium,low,6,namecheap,,,22/08/2026 17:19
719506e7-c453-4563-a283-3b395886d466,customers.partners,available,10.48,88.98,high,low,9,namecheap,,,25/09/2026 17:13
d04771e9-cab2-4848-baa2-931541a88edd,catenate.partners,available,10.48,88.98,medium,low,8,namecheap,,,11/08/2026 21:39
5bd6d988-abac-4eab-aa27-78d5fb65bbf6,northern.partners,available,20.99,71.99,high,low,8,namesilo,,,25/09/2026 23:11
1ba9f629-f95e-421b-93e8-da8298a9d7b3,fireball.partners,available,10.48,88.98,high,low,8,namecheap,,,21/09/2026 22:35
5bc956ad-096c-4767-b806-c4c01515f51a,hipaa.partners,available,13.99,,high,low,5,name.com,,,
08d35e2a-2c6e-463e-a13f-abd13c580ff5,formulary.partners,available,10.48,88.98,high,low,9,namecheap,,,18/08/2026 12:20
a4770436-151f-488d-a480-8ff0730fff4e,mordant.partners,available,10.48,88.98,high,low,7,namecheap,,,13/08/2026 02:11
f8027e30-316d-45c5-841b-03e5e7d97109,funds.partners,available,13.99,,high,low,5,name.com,,,
9ec5fe42-febd-4604-bb03-9ca9f64dca22,reformed.partners,available,10.48,88.98,high,low,9,namecheap,,,09/09/2026 10:53
c57e54c3-2efe-4aad-8265-62979b50039d,como.partners,available,20.99,71.99,high,low,4,namesilo,,,27/09/2026 07:01
14ab8bf7-5b66-48fc-8862-cdd962ba4af5,cellar.partners,available,20.99,71.99,high,low,6,namesilo,,,22/09/2026 10:16
864fdbda-ae73-4426-b051-8418fa3d18a5,leonard.partners,available,20.99,71.99,high,low,7,namesilo,,,25/09/2026 22:27
30dfb8e2-973b-48d5-805b-81fe4d3f957a,adust.partners,available,10.48,88.98,medium,low,5,namecheap,,,
78a237d7-92a7-4005-9c52-2d2a057cf060,horrific.partners,available,10.48,88.98,medium,low,8,namecheap,,,14/08/2026 08:59
9fe2d4df-abf3-4c03-aefa-901478f81bc1,demeanor.partners,available,20.99,71.99,high,low,8,namesilo,,,24/09/2026 21:47
4ebfb98a-1dd6-4530-9db8-07c8044d663e,packed.partners,available,20.99,71.99,high,low,6,namesilo,,,25/09/2026 11:42
06827aba-47a8-4779-94f9-8e905a32eb2a,coolly.partners,available,13.99,,medium,low,6,name.com,,,
d4f27fde-fa42-4cf2-b8a5-b506c2646731,aventail.partners,available,20.99,71.99,medium,low,8,namesilo,,,21/09/2026 09:05
7c9e1b1f-8127-481b-804d-dfd98616b3c9,entering.partners,available,10.48,88.98,high,low,8,namecheap,,,22/08/2026 01:48
cfe881a1-063c-42fe-9a8a-4d45c1fc4876,legalise.partners,available,10.48,88.98,high,low,8,namecheap,,,22/08/2026 23:07
04a768bb-1541-409f-b1ec-2e07b313eaf6,bazaar.partners,available,10.48,88.98,high,low,6,namecheap,,,22/09/2026 18:20
31d97a46-edb1-4db8-af49-e6c2811371d0,organizer.partners,available,20.99,71.99,high,low,9,namesilo,,,20/09/2026 08:45
a92ddc16-a6d3-43ad-8012-740d5c9d9f72,tipsy.partners,available,10.48,88.98,high,low,5,namecheap,,,11/09/2026 15:38
bfa72e97-2041-41cb-8c65-df640e5095c9,arachnid.partners,available,10.48,88.98,medium,low,8,namecheap,,,19/09/2026 23:40
e4ddd198-e903-43f3-9d7e-67c3a0cd8182,idealistic.partners,available,10.48,88.98,high,low,10,namecheap,,,17/08/2026 15:48
0de11058-1f74-42c9-8910-b064397f280a,action.partners,premium,128.7,128.7,high,medium,6,namecheap,,,25/09/2026 10:33
32c1c5e1-79ed-4f4e-824a-f30f20780204,dorothy.partners,available,20.99,71.99,high,low,7,namesilo,,,25/09/2026 14:18
80048b25-8d86-47d5-8297-65e64207e34d,basely.partners,available,10.48,88.98,medium,low,6,namecheap,,,13/09/2026 23:35
737baa52-f7ea-4e98-8a52-50df364cbba7,alcazar.partners,available,20.99,71.99,medium,low,7,namesilo,,,18/09/2026 03:51
e70bb98d-6ffc-4794-922a-0b116e48ffc0,juridical.partners,available,10.48,88.98,medium,low,9,namecheap,,,22/08/2026 14:40
8c160a6c-cdf6-49bf-aa12-9e8088c375c0,dragon.partners,premium,87.99,,high,medium,6,name.com,,,
46d64f14-ec0e-40ea-bbd2-31119e8fd007,switches.partners,available,20.99,71.99,medium,low,8,namesilo,,,16/09/2026 23:57
79fe0710-39ef-4a10-8ae1-719f746bb17d,lithuania.partners,available,,,high,high,9,,,,
72d97126-5502-4587-8246-6bde194e3a3c,fatal.partners,available,20.99,71.99,high,low,5,namesilo,,,23/09/2026 12:24
8db73daa-578f-4f52-ab85-dafecee2b419,alir.partners,available,10.48,88.98,medium,low,4,namecheap,,,17/08/2026 22:11
d10ca6b7-1207-416a-87fb-f7725f97d593,beef.partners,available,20.99,71.99,high,low,4,namesilo,,,23/09/2026 00:18
3238d4b0-94d3-4a76-a222-f34eba304b1e,sympathy.partners,available,13.99,,high,low,8,name.com,,,
1e24f96a-4eb2-4a20-99fb-b1712babffa5,tatty.partners,available,10.48,88.98,medium,low,5,namecheap,,,18/08/2026 06:42
403b922e-dbc5-471e-9ddd-2d4a3e5023f7,butterflies.partners,available,20.99,71.99,high,low,11,namesilo,,,16/09/2026 12:02
e351d1d9-7edf-4123-97fd-13a5141fbc93,geothermic.partners,available,10.48,88.98,medium,low,10,namecheap,,,18/08/2026 22:41
9dbee46d-0822-4540-b269-b21056175516,ghostlike.partners,available,10.48,88.98,medium,low,9,namecheap,,,06/08/2026 05:23
8d97bce9-ee06-4626-a872-686b8affa893,kamikaze.partners,available,13.99,,medium,low,8,name.com,,,
fddd6186-931a-4b36-87c8-55724058176a,temporary.partners,available,20.99,71.99,high,low,9,namesilo,,,25/09/2026 07:53
6627c341-58d1-4857-8602-8d7f88ce8a67,archosaur.partners,available,10.48,88.98,medium,low,9,namecheap,,,06/08/2026 15:57
54f7261f-3d72-47b8-96d9-ffb59f33d6db,tim.partners,available,20.99,71.99,high,medium,3,namesilo,,,25/09/2026 11:26
e17ffa33-903a-40a5-aa94-f7834ed38b8d,never.partners,available,13.99,,high,low,5,name.com,,,
9196de09-a320-4c74-943e-ba99e1a1a959,adaptation.partners,available,20.99,71.99,high,low,10,namesilo,,,17/09/2026 06:27
47ef42e1-912b-42a4-b95c-ab3b3afb01b6,aniseed.partners,available,10.48,88.98,high,low,7,namecheap,,,19/09/2026 09:27
7d66b48f-1e23-4f9f-bae8-d4ba856f6bab,infernal.partners,available,10.48,88.98,high,low,8,namecheap,,,10/08/2026 12:50
f3e77ba2-3e11-4b92-a2f3-ad7891d6b1a0,shambolic.partners,available,10.48,88.98,medium,low,9,namecheap,,,10/09/2026 05:51
64ef0ed8-6eeb-428d-8914-9cdf06be8804,olympian.partners,available,10.48,88.98,high,low,8,namecheap,,,17/08/2026 16:01
df5bd402-1a61-4c73-a201-39373eb75109,underestimate.partners,available,13.99,,high,low,13,name.com,,,
42ce1153-ad04-4120-ae95-f7cae8be7f68,acrid.partners,available,10.48,88.98,medium,low,5,namecheap,,,
42e5d6cb-3b68-4fbb-ada2-a33f1a617f26,nestled.partners,available,10.48,88.98,high,low,7,namecheap,,,03/09/2026 15:46
356ae120-9011-4b5e-968f-5ea77eb1eaf9,conciliate.partners,available,10.48,88.98,high,low,10,namecheap,,,18/08/2026 22:04
e9efa629-7291-4b92-ae51-b2b49d669355,wall.partners,available,20.99,71.99,high,low,4,namesilo,,,23/09/2026 16:20
95568868-a56d-47de-8a42-bb7d86f2c39b,eyed.partners,available,10.48,88.98,high,low,4,namecheap,,,17/08/2026 20:00
d24829d7-6c1f-404d-a745-bb413f31e23c,votive.partners,available,10.48,88.98,high,low,6,namecheap,,,13/09/2026 07:17
331188e0-ef1e-47e0-8a8d-70e4c98b6438,relieved.partners,available,10.48,88.98,high,low,8,namecheap,,,
d4311c82-f473-4a06-98fd-aa3a39bb4a95,buttoned.partners,available,10.48,88.98,medium,low,8,namecheap,,,11/08/2026 11:58
e6e6be29-85ee-44b8-9026-ae8c2e14ead1,raspberry.partners,available,20.99,71.99,medium,low,9,namesilo,,,24/09/2026 06:43
5b1fff4a-e8de-44ed-bbbe-8f29cfb3d660,gazillion.partners,available,10.48,88.98,high,low,9,namecheap,,,11/09/2026 19:54
dd2183be-c08d-4494-aa47-0bec94f5dcad,arhat.partners,available,10.48,88.98,medium,low,5,namecheap,,,20/09/2026 05:05
6f79ea04-f2e0-4c4b-bb6c-28a0621fe474,respond.partners,available,13.99,,high,low,7,name.com,,,
a3cfc74a-9fe6-4105-a78b-7260f29d56fe,treachery.partners,available,20.99,71.99,medium,low,9,namesilo,,,23/09/2026 11:23
938afd08-18eb-460c-9850-b9152c218dfb,basle.partners,available,20.99,71.99,medium,low,5,namesilo,,,22/09/2026 10:14
73a21a5c-4dc2-405f-8c0e-91c22411d117,forego.partners,available,10.48,88.98,high,low,6,namecheap,,,18/08/2026 11:52
d8e0cfb0-8434-48b2-bafb-367a2b90c6ac,penile.partners,available,10.48,88.98,medium,low,6,namecheap,,,08/09/2026 14:21
f5b7f586-72c9-4015-acd6-a82c76a081b9,bankbook.partners,available,20.99,71.99,medium,low,8,namesilo,,,22/09/2026 02:44
6469e5ed-1146-4bb6-b1c8-e23080dcee54,orr.partners,available,20.99,71.99,high,low,3,namesilo,,,27/09/2026 03:21
58377aab-803d-4127-bc8b-98823bea29da,acrobates.partners,available,20.99,71.99,medium,low,9,namesilo,,,17/09/2026 03:18
af0787cd-94a7-4172-8424-90addd7c927a,avery.partners,available,20.99,71.99,high,low,5,namesilo,,,25/09/2026 15:31
cc560733-03a6-468a-9249-cb5094f7a7bd,indefinite.partners,available,20.99,71.99,high,low,10,namesilo,,,25/09/2026 09:08
beff3007-fc44-44c3-897d-543c3cff9ab0,rushing.partners,available,13.99,,high,low,7,name.com,,,
4730ac22-186c-4861-9e34-652c4c3dff68,fitted.partners,available,10.48,88.98,high,low,6,namecheap,,,18/08/2026 05:47
a3fab0fe-bbfe-4e85-a822-143c197cfa21,altoona.partners,available,20.99,71.99,medium,low,7,namesilo,,,18/09/2026 15:04
e790fe59-6d99-496d-aab1-e914706c89b2,thump.partners,available,10.48,88.98,high,low,5,namecheap,,,11/09/2026 15:06
58c57a12-5140-410e-b124-0064d28673d2,cetacean.partners,available,10.48,88.98,medium,low,8,namecheap,,,12/08/2026 01:02
eeb715c3-5924-483d-aec2-b16642ce6a2e,particles.partners,available,13.99,,medium,low,9,name.com,,,
3febf5c3-9e6c-486f-b0bf-336905416859,snowed.partners,available,20.99,71.99,medium,low,6,namesilo,,,20/09/2026 16:23
b322d56a-deca-49d1-8a67-6881fae44a59,forthwith.partners,available,10.48,88.98,medium,low,9,namecheap,,,10/09/2026 21:39
9f72ac54-59c0-4418-85bc-7269f45f62d7,aloft.partners,available,10.48,88.98,medium,low,5,namecheap,,,13/09/2026 19:10
06dc655f-5c15-43bd-96c3-0d9c4fa31f4b,anionic.partners,available,10.48,88.98,medium,low,7,namecheap,,,
b6e77ef9-46b2-46b7-836a-7bafabce23d5,parvenue.partners,available,10.48,88.98,medium,low,8,namecheap,,,03/09/2026 22:16
d8c0c0cf-d171-4f08-8993-f908d5184476,localized.partners,available,10.48,88.98,high,low,9,namecheap,,,24/08/2026 08:45
f93c7b29-f9fc-4115-b16d-e08d23041b59,inorganic.partners,available,10.48,88.98,high,low,9,namecheap,,,22/08/2026 06:11
cb67a332-c912-40bb-9f68-ab6d8ed90a7b,accession.partners,available,20.99,71.99,high,low,9,namesilo,,,16/09/2026 22:09
ba3e58d3-35bf-4736-8e44-027a8d8cf8f4,panicked.partners,available,10.48,88.98,medium,low,8,namecheap,,,05/09/2026 00:57
280153fc-f59d-45da-8654-84f5ff003df8,shake.partners,available,20.99,71.99,high,low,5,namesilo,,,25/09/2026 06:52
4dd9114e-0865-4a4b-9cc6-06e92331ce04,honeybee.partners,available,20.99,71.99,high,low,8,namesilo,,,19/09/2026 17:30
bf69e385-eb97-4e1a-95e5-b11243fdc2d8,baronet.partners,available,20.99,71.99,high,low,7,namesilo,,,22/09/2026 07:28
7cfa45f4-9f44-44fc-a98c-11676c956e1a,autodidact.partners,available,20.99,71.99,high,low,10,namesilo,,,21/09/2026 06:15
e964b801-1e75-4ba8-8d16-d2fd255792d2,risen.partners,available,13.99,,high,low,5,name.com,,,
32930bdc-21f7-4d56-ae74-4a1d1662b263,inch.partners,available,20.99,71.99,high,low,4,namesilo,,,25/09/2026 08:00
d0574fe9-c808-4dc3-9264-8e3d6ec5a6f6,fist.partners,available,13.99,,high,low,4,name.com,,,
c4e7809b-8fad-4f81-91c2-54228497a5c5,shellproof.partners,available,10.48,88.98,medium,low,10,namecheap,,,10/08/2026 18:11
ab17ed2a-3230-4fc9-ba6a-e75b3886c6a1,twit.partners,available,10.48,88.98,high,low,4,namecheap,,,11/09/2026 09:11
71831973-7f69-4993-82f8-72fbb9354d01,delayed.partners,available,20.99,71.99,medium,low,7,namesilo,,,24/09/2026 05:13
1acd0558-a94a-465c-ad23-c0a288a619e5,back.partners,available,10.48,88.98,high,low,4,namecheap,,,22/09/2026 15:40
27068c27-d4c6-440e-949d-e1be80aa28ed,peerage.partners,available,20.99,71.99,high,low,7,namesilo,,,22/09/2026 07:17
2b2bcd4e-8970-4feb-83b0-e7187048c925,beading.partners,available,10.48,88.98,high,low,7,namecheap,,,22/09/2026 19:27
86facf50-07a2-4ea0-8510-03af35fca624,altruist.partners,available,13.99,,high,low,8,name.com,,,
6bd645d7-69ee-45e1-97ce-7547ec9a09ae,rudolph.partners,available,20.99,71.99,high,low,7,namesilo,,,25/09/2026 14:11
1417f415-580e-472c-963e-73f0eae9b516,boding.partners,available,10.48,88.98,medium,low,6,namecheap,,,18/08/2026 11:34
828b8f1b-3dcc-41ca-88bd-d82ebedf9a24,communally.partners,available,10.48,88.98,high,low,10,namecheap,,,14/09/2026 07:33
13cb63ca-ead6-4b5b-b464-f4d692305009,judge.partners,available,20.99,71.99,high,low,5,namesilo,,,25/09/2026 05:43
ad72cd27-7624-4fe1-b2ab-2713cafa6643,wee.partners,available,10.48,88.98,high,low,3,namecheap,,,10/08/2026 08:17
57521859-9c43-4fcd-a608-bf9090800c33,localised.partners,available,10.48,88.98,medium,low,9,namecheap,,,24/08/2026 08:47
76b74c4a-7e17-446b-90e0-87027edc97d6,undeserved.partners,available,10.48,88.98,medium,low,10,namecheap,,,12/09/2026 07:43
ba3c1582-d154-4bfe-ac5e-30aa3c149d5f,blackening.partners,available,13.99,92.99,medium,low,10,name.com,,,13/08/2026 18:12
319ecbe6-ccee-462d-9d8a-d6a2bc2d9743,diminutive.partners,available,10.48,88.98,high,low,10,namecheap,,,08/08/2026 14:10
a1613f1a-821d-49de-8349-d235f645d8ca,agonus.partners,available,10.48,88.98,medium,low,6,namecheap,,,17/09/2026 18:59
f78b39d6-093d-4a2e-a831-4599e34cac07,impulsive.partners,available,10.48,88.98,high,low,9,namecheap,,,11/08/2026 01:34
98e5b261-6a04-4309-9a5a-334e80bd656b,minimalist.partners,available,10.48,88.98,high,low,10,namecheap,,,24/08/2026 23:51
27aee5d3-a77e-4522-9427-8e89579ad1ad,browne.partners,available,20.99,71.99,high,low,6,namesilo,,,20/09/2026 10:27
37a57a69-3e79-48c5-98a9-e4481c3cc578,goosy.partners,available,10.48,88.98,medium,low,5,namecheap,,,14/08/2026 16:07
718422c8-05cf-4d45-a887-95f4773a705a,cupidity.partners,available,20.99,71.99,medium,low,8,namesilo,,,21/09/2026 08:48
b2c2eaa3-5eb7-4033-8125-afbb2845994a,generously.partners,available,10.48,88.98,high,low,10,namecheap,,,14/09/2026 21:14
c20e2237-e66f-412b-846d-c355ca65ec54,betsy.partners,available,20.99,71.99,medium,low,5,namesilo,,,27/09/2026 07:40
50c9ff83-84e7-4cb6-aefd-eccda0f2bd7a,minds.partners,available,10.48,88.98,high,low,5,namecheap,,,25/09/2026 20:20
e0e40123-c53b-44b1-a261-530cd2cc7a6b,landlocked.partners,available,10.48,88.98,medium,low,10,namecheap,,,22/08/2026 19:26
6a00ec98-8956-4e2f-8234-4930a1682440,indic.partners,available,10.48,88.98,medium,low,5,namecheap,,,22/08/2026 03:16
7cdb3dcd-dce3-476c-9ece-773640e4dfe4,skull.partners,available,20.99,71.99,high,low,5,namesilo,,,26/09/2026 00:19
77b71dd2-2004-4bd5-b8ae-0d3d81d183cc,slenderize.partners,available,10.48,88.98,medium,low,10,namecheap,,,10/09/2026 10:53
70e3c601-99ee-44ff-9edb-2631c4d31b6a,playaround.partners,available,20.99,71.99,medium,low,11,namesilo,,,17/09/2026 06:03
8f9b7df5-aedb-4104-8dfe-cc9239614893,unwrinkled.partners,available,10.48,88.98,medium,low,10,namecheap,,,12/09/2026 22:55
219c7cd8-8366-4dc3-a5cb-9153fcf8b8cb,springy.partners,available,10.48,88.98,high,low,7,namecheap,,,10/08/2026 21:49
dd981f42-5aa2-4018-a65d-93fe87da4154,thalassic.partners,available,10.48,88.98,medium,low,9,namecheap,,,11/09/2026 12:22
aee34ee8-50d5-4027-acb8-2cc7c94c5320,neighborhood.partners,premium,118.8,118.8,high,low,12,namesilo,,,
0c99ff33-28ef-43b8-b2ba-2511e3e1f47e,instal.partners,available,13.99,,high,low,6,name.com,,,
f01a09c6-19be-4c0a-a62d-718b9a139ccf,ulnar.partners,available,10.48,88.98,medium,low,5,namecheap,,,11/09/2026 22:45
f1d5d824-e47e-4124-9c23-1c96da3511d9,surging.partners,available,10.48,88.98,high,low,7,namecheap,,,09/08/2026 21:44
675332b8-6311-49be-bb9a-782db38fd05a,atrial.partners,available,10.48,88.98,low,low,6,namecheap,,,07/08/2026 14:24
e6c4c9ab-10e0-41c1-98b2-aa9071f6a90e,intensive.partners,available,20.99,71.99,high,low,9,namesilo,,,25/09/2026 09:57
b27caea1-efac-4118-8f64-f2344885327d,telluric.partners,available,10.48,88.98,medium,low,8,namecheap,,,11/09/2026 10:39
d5ee5595-232a-4f7d-a4a5-d71a1a5caeda,intrepidly.partners,available,10.48,88.98,medium,low,10,namecheap,,,14/09/2026 10:53
d553b857-8849-49af-b5f3-1dbc4f13c658,gargantuan.partners,available,10.48,88.98,medium,low,10,namecheap,,,16/08/2026 03:33
afd398e8-4dc2-4b4a-b656-84b5fd0eb8f7,abdomen.partners,available,20.99,71.99,high,low,7,namesilo,,,16/09/2026 14:45
fef4a254-2961-4629-b19e-f6097b35ef53,vii.partners,available,10.48,88.98,high,low,3,namecheap,,,
9138a565-9e22-486c-925e-648a8914f7d3,told.partners,available,13.99,,medium,low,4,name.com,,,
4acf3eb0-b8cf-4947-b5d1-1bf186d7422f,pleasing.partners,available,20.99,71.99,high,low,8,namesilo,,,27/09/2026 04:10
61c82bc2-25d2-4704-a2b5-2a532cdcd551,enhanced.partners,available,10.48,88.98,high,low,8,namecheap,,,17/08/2026 08:25
5e572da2-d883-4846-8b28-194ae8be0597,bees.partners,available,10.48,88.98,high,low,4,namecheap,,,18/09/2026 21:40
8f2beb5f-8b51-4eef-b7a1-50b63ef7b847,painfully.partners,available,10.48,88.98,medium,low,9,namecheap,,,14/09/2026 13:22
5f242796-a4fc-4bb6-b119-766fa2d0500f,grounded.partners,available,20.99,71.99,high,low,8,namesilo,,,27/09/2026 06:36
eee175c1-ef37-4407-97e4-e70af78437db,bedcover.partners,available,20.99,71.99,high,low,8,namesilo,,,22/09/2026 22:53
259eaf50-b5c4-4ce4-a3dc-1fe9d9af9363,migratory.partners,available,10.48,88.98,medium,low,9,namecheap,,,24/08/2026 22:49
b95e401b-4289-4db2-9b22-effef903aabd,imposter.partners,available,10.48,88.98,medium,low,8,namecheap,,,09/09/2026 04:57
48a42bf3-cdc6-43db-b902-e425da0d1e1c,thus.partners,available,13.99,,high,low,4,name.com,,,
629fc1e7-59cd-4db5-b085-804a4143b5a2,backlog.partners,available,20.99,71.99,high,low,7,namesilo,,,21/09/2026 15:41
4e8304cc-3073-4dcc-9cfe-53bb855174e1,sickness.partners,available,20.99,71.99,high,low,8,namesilo,,,27/09/2026 04:31
f30a71ab-3fe6-4a2a-bf89-df95188c8487,getting.partners,available,13.99,,high,low,7,name.com,,,
df2fb001-c758-4ddc-a545-5a457833d074,pixilated.partners,available,10.48,88.98,low,low,9,namecheap,,,09/08/2026 15:41
5c1d59bb-9f4d-4aca-ae59-f93dc00b80e6,bissau.partners,available,20.99,71.99,medium,low,6,namesilo,,,23/09/2026 22:06
8e945ec0-1ad3-473f-89c9-43f86a55fb90,reassuring.partners,available,10.48,88.98,high,low,10,namecheap,,,09/09/2026 11:14
08667d2c-0ec2-48d6-9251-97b01b646bc2,whereabouts.partners,available,13.99,,high,low,11,name.com,,,
b7851867-72eb-46d2-ad46-2c27dd70d325,ripely.partners,available,10.48,88.98,medium,low,6,namecheap,,,15/09/2026 23:48
160caf64-de18-476c-9c1c-64267eb3b550,prehensile.partners,available,10.48,88.98,medium,low,10,namecheap,,,07/08/2026 22:14
74d14394-6ca0-4060-92b7-ec0e18e5291c,interlaced.partners,available,10.48,88.98,medium,low,10,namecheap,,,22/08/2026 08:04
d0f5e925-e9e0-4e98-b4a4-37bd1bf55d28,subjective.partners,available,20.99,71.99,high,low,10,namesilo,,,25/09/2026 07:50
6066ae94-c69e-43ef-87af-fdb4456b8ba3,appetence.partners,available,20.99,71.99,medium,low,9,namesilo,,,19/09/2026 20:44
2579a22e-88af-4c44-96dc-a2fddbda7afa,unsubtle.partners,available,10.48,88.98,medium,low,8,namecheap,,,12/09/2026 20:46
e17d7f2b-df38-45fd-b105-2b6a87966588,recreated.partners,available,10.48,88.98,medium,low,10,namecheap,,,09/09/2026 10:49
8486f779-b281-4b0e-9cce-2b7936f2675a,radios.partners,available,20.99,71.99,medium,low,6,namesilo,,,18/09/2026 23:09
6ec6c6de-0f83-47ab-8629-45f784c07e78,naught.partners,available,10.48,88.98,medium,low,6,namecheap,,,03/09/2026 22:40
a09f0021-9ffb-4e67-aa07-fe165bfdec20,dogged.partners,available,10.48,88.98,medium,low,6,namecheap,,,14/08/2026 14:54
abb888d8-9415-41eb-ae1f-67b4ff6a05d8,absolutely.partners,available,13.99,,high,low,10,name.com,,,
5b26f6a6-22e7-4bfd-8471-52dbfd6b4ede,frenetic.partners,available,10.48,88.98,medium,low,8,namecheap,,,18/08/2026 14:17
cd6229cd-9910-4826-812a-b3bb682d1304,same.partners,available,13.99,,high,low,4,name.com,,,
10b51641-fe3e-48fc-80df-7533549425bd,banditry.partners,available,20.99,71.99,medium,low,8,namesilo,,,22/09/2026 01:24
45b3e746-c80e-401e-b743-1f7b13a3230b,meshuga.partners,available,10.48,88.98,medium,low,7,namecheap,,,24/08/2026 21:06
fcd422f2-f910-4859-a93e-05605d0ee8b0,tourists.partners,available,20.99,71.99,medium,low,8,namesilo,,,18/09/2026 07:30
3306295b-8e6e-431c-8214-0ea7ee154972,standardize.partners,available,13.99,,high,low,11,name.com,,,
d470d9a9-e9b0-4c86-8767-e85b075dc0d5,eroded.partners,available,10.48,88.98,medium,low,6,namecheap,,,17/08/2026 12:24
f05bea50-4d75-45e1-801d-c35f1b863ede,affirmed.partners,available,20.99,71.99,high,low,8,namesilo,,,17/09/2026 14:27
7befa85b-a7d3-44ed-809c-1adf36b5bfbc,adoptable.partners,available,10.48,88.98,high,low,9,namecheap,,,
7f9eaf97-2d5d-40f0-b77b-1575d5b0c17c,flaky.partners,available,10.48,88.98,high,low,5,namecheap,,,10/08/2026 10:06
13c9f8e8-4b4b-448f-9169-24cefd38a44a,edacious.partners,available,10.48,88.98,medium,low,8,namecheap,,,15/08/2026 05:24
b9d499a1-e806-45b1-a3dc-401a28c6d4a6,emphasise.partners,available,20.99,71.99,high,low,9,namesilo,,,16/09/2026 21:53
041255f0-7c0b-4efc-ad71-67dccad48053,submerged.partners,available,10.48,88.98,medium,low,9,namecheap,,,10/09/2026 23:30
5550bae2-7002-49e4-bb4b-8dd1574ab377,bakelite.partners,available,10.48,88.98,medium,low,8,namecheap,,,21/09/2026 20:15
73cc9928-5830-4788-a436-e3a3d60f6065,coptic.partners,available,10.48,88.98,high,low,6,namecheap,,,13/08/2026 00:36
1c1937ec-6ade-455d-95bf-a068c48cbe26,backspin.partners,available,20.99,71.99,high,low,8,namesilo,,,21/09/2026 16:02
a3f598de-9181-4616-941f-398654613529,flightless.partners,available,10.48,88.98,medium,low,10,namecheap,,,18/08/2026 08:09
b06c2d63-52be-40a3-bc6a-e0d02bc8eeb2,variation.partners,available,10.48,88.98,high,low,9,namecheap,,,03/09/2026 11:43
a4cd5db0-0ffb-4bb1-baa7-43c5b38fac38,punctually.partners,available,10.48,88.98,medium,low,10,namecheap,,,14/09/2026 14:45
e9dcdd32-06d4-4035-9307-e4d440620039,starless.partners,available,10.48,88.98,medium,low,8,namecheap,,,10/09/2026 18:52
db41f8b6-7f8c-48ed-93db-6d67ebf528be,effect.partners,premium,118.8,118.8,high,low,6,namesilo,,,
fad0ba06-a8c2-445a-bbcd-96c17bbf707f,swaps.partners,available,20.99,71.99,medium,low,5,namesilo,,,18/09/2026 22:39
6fa77af2-aacb-45c5-abc0-6d744bbefb34,nonplussed.partners,available,10.48,88.98,medium,low,10,namecheap,,,07/08/2026 10:48
81dc1827-66b8-4c29-99ee-8b082088bac2,abridged.partners,available,10.48,88.98,high,low,8,namecheap,,,
22113362-d46f-43e0-94a0-2bf61157184f,ilx.partners,available,10.48,88.98,medium,low,3,namecheap,,,
79c953bb-aac3-4d72-831d-ee9941fabee3,barefoot.partners,available,10.48,88.98,medium,low,8,namecheap,,,08/08/2026 18:54
9f4f12e5-d0c9-4730-8499-7838ea5fd867,boxes.partners,available,20.99,71.99,medium,low,5,namesilo,,,17/09/2026 04:37
a99dcfa5-9e32-4dce-afe9-197d06627fa3,fallacious.partners,available,10.48,88.98,medium,low,10,namecheap,,,13/08/2026 21:08
b476d827-52af-422b-953a-b362841f8f34,subacid.partners,available,10.48,88.98,medium,low,7,namecheap,,,10/09/2026 23:22
fdc311a0-acb2-4863-831d-df360b68bb9c,asarum.partners,available,20.99,71.99,medium,low,6,namesilo,,,20/09/2026 12:52
e6478c2e-e4e6-45d5-83e3-017e29072362,started.partners,available,20.99,71.99,medium,low,7,namesilo,,,18/09/2026 11:27
ed888610-2f7b-4147-a872-663a2540f504,fleecy.partners,available,10.48,88.98,medium,low,6,namecheap,,,18/08/2026 07:42
450332cb-19cb-4c3c-8ec5-88a38c2d43f1,eolic.partners,available,20.99,71.99,low,low,5,namesilo,,,17/09/2026 12:36
608e6cd9-5a63-4379-b555-362be16ec335,julie.partners,available,20.99,71.99,high,low,5,namesilo,,,25/09/2026 14:47
0785013a-5dc5-4acc-a5fb-484d012f3468,astasia.partners,available,20.99,71.99,medium,low,7,namesilo,,,20/09/2026 16:54
565b6912-2133-4913-b7ad-934e97f76f26,essay.partners,available,20.99,71.99,high,low,5,namesilo,,,21/09/2026 01:17
1a91b156-5b71-41ff-b199-4f6bbcf8503e,amenra.partners,available,10.48,88.98,medium,low,7,namecheap,,,18/09/2026 18:32
b4b9ee22-f444-4d6e-90a4-312e052b99ee,balletic.partners,available,10.48,88.98,high,low,8,namecheap,,,08/08/2026 10:26
040fa090-c95d-45cb-af27-2f13a4477dba,bonaparte.partners,available,20.99,71.99,medium,low,9,namesilo,,,25/09/2026 00:27
6bf7ace3-3cfa-4a3c-8cdc-b3bff51a433d,ring.partners,available,13.99,,high,low,4,name.com,,,
cc88d1db-38eb-4841-bce9-8c477b2be9b2,baikal.partners,available,10.48,88.98,high,low,6,namecheap,,,21/09/2026 18:54
e570ff48-d9f8-4104-bba6-a7881b3afeda,metastatic.partners,available,10.48,88.98,medium,low,10,namecheap,,,24/08/2026 21:49
2c283d84-bfef-460b-add5-fef1c97b88b6,data.partners,resell,,,high,medium,4,"Spaceship, Inc.",09/12/2020 08:13,09/12/2026 08:13,27/09/2026 01:43
e802565c-056f-479b-b8ea-fa7a1a0b82c2,morrison.partners,available,10.48,88.98,high,low,8,namecheap,,,25/09/2026 04:14
c1be9d82-089e-48ce-9e3c-198bcdcc2121,revelatory.partners,available,10.48,88.98,high,low,10,namecheap,,,06/08/2026 00:55
0dbcb2e6-d0d3-4f2a-a01b-40ee39cc6ea9,piquant.partners,available,10.48,88.98,high,low,7,namecheap,,,17/08/2026 07:38
9df75c98-4332-43fc-9c6f-3fc6ded85202,prenuptial.partners,available,20.99,71.99,high,low,10,namesilo,,,22/09/2026 06:05
767c3b36-60d1-4904-966b-4308e10169fa,headless.partners,available,10.48,88.98,medium,low,8,namecheap,,,11/08/2026 01:43
a4097936-55eb-48e1-817a-7f4c50da5c75,sentences.partners,available,10.48,88.98,medium,low,9,namecheap,,,16/09/2026 20:11
902c8b42-0437-44f6-baf9-52ffebbf443f,vitrified.partners,available,10.48,88.98,medium,low,9,namecheap,,,13/09/2026 06:20
0b86772e-4416-482d-8eef-7a9b22470293,awn.partners,available,20.99,71.99,high,low,3,namesilo,,,21/09/2026 10:11
2751215e-0e49-4c0c-905e-38257cdac961,reject.partners,available,10.48,88.98,high,low,6,namecheap,,,24/09/2026 20:15
c787cfe0-1f0a-4152-bab1-0a464aebac46,negotiations.partners,available,20.99,71.99,medium,low,12,namesilo,,,17/09/2026 08:01
11d35117-39cd-4e85-aace-7325bf9db48c,roily.partners,available,10.48,88.98,medium,low,5,namecheap,,,09/09/2026 18:18
82b1bfc8-205e-4d5c-8cc7-7757fe9ce7fd,lxiii.partners,available,10.48,88.98,medium,low,5,namecheap,,,
cac75aca-701c-4034-95a0-c2fd3f1fcf0b,lordly.partners,available,10.48,88.98,medium,low,6,namecheap,,,07/08/2026 17:05
c0c7d224-9fe5-4511-9660-619743a9da19,pour.partners,available,13.99,,high,low,4,name.com,,,
c4146bda-24b4-4e66-b10d-edc80ea6a54e,les.partners,premium,118.8,118.8,high,low,3,namesilo,,,
f67ebc29-8dda-48eb-af7e-079f0c8edee4,roam.partners,available,10.48,88.98,high,low,4,namecheap,,,10/09/2026 22:08
fe5bd406-c02c-4ee5-821e-2072985ed6fb,abkhazia.partners,available,20.99,71.99,medium,low,8,namesilo,,,16/09/2026 16:03
e7e01767-4f60-4783-8af9-b69f4daf3746,retain.partners,available,13.99,,high,low,6,name.com,,,
ffe43552-576e-41ab-b84b-a2dbf726fa81,frequent.partners,available,10.48,88.98,high,low,8,namecheap,,,18/08/2026 15:06
f7669476-5d5f-4b10-8c49-8527dc87001a,copy.partners,available,13.99,,high,low,4,name.com,,,
7516911d-7886-46b5-a670-c31bc7296fae,teacher.partners,available,13.99,,high,low,7,name.com,,,
0ba1063a-2ab6-4265-99a6-acf5d4cda9c6,nurture.partners,available,10.48,88.98,high,low,7,namecheap,,,09/09/2026 11:05
0c176450-bead-4d85-b31e-a54b3b4bce95,prosodic.partners,available,10.48,88.98,medium,low,8,namecheap,,,09/09/2026 03:39
77970607-4dfb-408e-8b14-a9a68d0c0773,biotech.partners,premium,250,250,high,low,7,name.com,,,23/09/2026 19:06
352565c9-b484-4563-8ac6-5a984c722b38,nicki.partners,available,13.99,,high,low,5,name.com,,,
6f4c091f-3220-465c-b014-30d084fa0d45,psalms.partners,available,20.99,71.99,high,low,6,namesilo,,,24/09/2026 07:04
6fbd097e-39c9-4124-a2a3-24dae922129d,gomad.partners,available,20.99,71.99,medium,low,6,namesilo,,,20/09/2026 00:44
e0a24b76-623c-44b9-b853-d2d3079a4779,angling.partners,available,20.99,71.99,high,low,7,namesilo,,,19/09/2026 06:50
8573a4ed-c202-4dde-b6e5-031b73217de0,craftily.partners,available,10.48,88.98,medium,low,8,namecheap,,,14/09/2026 09:00
e79bc841-a834-4e30-a81f-0b39f5fa8bfe,depleted.partners,available,10.48,88.98,medium,low,8,namecheap,,,14/08/2026 02:23
666022f7-73c9-4a9a-9074-0db69806a8f8,settled.partners,available,10.48,88.98,high,low,7,namecheap,,,12/08/2026 17:27
aacf9314-a8ea-4516-8d94-7ecd4b237c57,planate.partners,available,10.48,88.98,medium,low,7,namecheap,,,18/08/2026 06:53
4b5e4f67-91d2-48f8-9667-7c4970912e71,arcadian.partners,available,10.48,88.98,high,low,8,namecheap,,,06/08/2026 14:10
d28c00da-b9f4-4321-8e7a-3f270c881cb1,onset.partners,available,10.48,88.98,high,low,5,namecheap,,,04/09/2026 14:29
56c1adf2-d2a9-403b-a037-e46144042508,desktop.partners,available,13.99,,high,low,7,name.com,,,
ea341fbc-0a52-4e81-865c-60d36853da85,rural.partners,available,10.48,88.98,high,low,5,namecheap,,,08/09/2026 07:52
6af400fa-0f10-4c7e-aa8e-94e848aa6396,exuberant.partners,available,10.48,88.98,high,low,9,namecheap,,,14/08/2026 23:21
ac02aff5-a5c8-4cfa-90cc-0a76b3808808,agnosia.partners,available,10.48,88.98,medium,low,7,namecheap,,,17/09/2026 18:46
88375d23-963a-424c-a2f3-39fb70dd5e68,decisions.partners,available,10.48,88.98,medium,low,9,namecheap,,,25/09/2026 21:16
bdbb1240-1fbc-45d3-896b-c8251ed4e7ad,birdsong.partners,available,10.48,88.98,high,low,8,namecheap,,,23/09/2026 20:37
eb1b5e4f-8376-42ca-a83e-83ff75075689,theories.partners,available,20.99,71.99,medium,low,8,namesilo,,,25/09/2026 05:25
c38c1d9f-1213-40b4-be57-fcf0070a7db2,emblazon.partners,available,13.99,92.99,high,low,8,name.com,,,24/09/2026 05:09
84070e6f-8555-42db-9cde-ca3a312072b9,abbess.partners,available,10.48,88.98,medium,low,6,namecheap,,,16/09/2026 14:23
e9a0ea8e-f450-4a44-9377-83e3dc19516d,bearable.partners,available,10.48,88.98,medium,low,8,namecheap,,,09/08/2026 04:27
9ea850c3-c056-4659-bd61-2e12f0d0827f,rifle.partners,available,20.99,71.99,high,low,5,namesilo,,,27/09/2026 04:01
649fb1be-cc05-4af5-a3dd-915c888926f8,conditions.partners,available,13.99,,high,low,10,name.com,,,
a8268494-0ce6-4af0-aa97-5caa8007fbe4,poriferous.partners,available,10.48,88.98,medium,low,10,namecheap,,,08/09/2026 23:59
6d4555fc-e7fe-469a-abd6-3c87b5bf5966,annwn.partners,available,20.99,71.99,medium,low,5,namesilo,,,19/09/2026 11:09
81fc5f7e-3d19-4666-9295-08a3db56d2c0,retrieved.partners,available,13.99,,medium,low,9,name.com,,,
34fd33c7-56ae-4943-aa4b-ed3ec1cd703c,gallantly.partners,available,10.48,88.98,medium,low,9,namecheap,,,14/09/2026 06:45
7a20aed3-6322-4bd0-b8e0-a30247c4ff90,fatherless.partners,available,10.48,88.98,medium,low,10,namecheap,,,17/08/2026 23:34
2fcf48f3-d021-46c7-8ef3-d797d0bf33f5,ramjet.partners,available,20.99,71.99,medium,low,6,namesilo,,,20/09/2026 20:48
e106ddee-9e1c-43f2-8185-bccbc2eec1a0,ironlike.partners,available,10.48,88.98,medium,low,8,namecheap,,,22/08/2026 10:10
1b79b9f9-9d32-4be9-adf8-8dc46f81bc07,macon.partners,available,20.99,71.99,high,low,5,namesilo,,,27/09/2026 04:39
ec3cb667-6628-43bd-b001-d1612c1c8816,taurine.partners,available,10.48,88.98,medium,low,7,namecheap,,,11/09/2026 09:15
f67d66a0-8f93-49bf-af40-81757277899d,permissive.partners,available,10.48,88.98,high,low,10,namecheap,,,08/09/2026 17:48
16148508-d2b9-4f86-b6d9-97586197420c,extremely.partners,available,20.99,71.99,medium,low,9,namesilo,,,27/09/2026 02:51
3165c7a8-8db6-4909-b19a-1960077855a8,spacious.partners,available,13.99,,high,low,8,name.com,,,
6c0ae26f-c999-42bb-960c-847d5abedac8,numbers.partners,available,13.99,,high,low,7,name.com,,,
f2ee7611-f9ef-43d9-be62-4f4bf96d58f4,skunk.partners,available,10.48,88.98,high,low,5,namecheap,,,11/08/2026 09:13
59e07cc4-b8ae-4595-94c1-564671e14f3f,worn.partners,available,10.48,88.98,high,low,4,namecheap,,,23/09/2026 12:58
f4aba4fc-e7d4-481e-8ece-2c8b917fc6af,oddball.partners,available,10.48,88.98,high,low,7,namecheap,,,14/08/2026 23:25
4c9fa606-c672-449b-8b09-a85264f7e0d4,agone.partners,available,10.48,88.98,medium,low,5,namecheap,,,
14b94617-2815-44f3-9dc3-d595e44a9a74,slick.partners,available,20.99,71.99,high,low,5,namesilo,,,24/09/2026 02:25
89e65e09-27f1-4a21-8da5-a4451514880d,tablets.partners,available,10.48,88.98,high,low,7,namecheap,,,18/09/2026 15:46
62a957ee-2ef9-483f-a940-d9ad9533305e,jangling.partners,available,10.48,88.98,medium,low,8,namecheap,,,22/08/2026 12:19
2c72e3d9-88c2-4adb-b69d-33486f6a5b5e,imitative.partners,available,10.48,88.98,medium,low,9,namecheap,,,13/08/2026 03:34
b782564d-cc44-4206-acb1-5c91a09b13c0,unwashed.partners,available,10.48,88.98,medium,low,8,namecheap,,,08/09/2026 21:02
a35f5013-614f-42ae-b48f-de4d19813eb1,russians.partners,available,20.99,71.99,medium,low,8,namesilo,,,27/09/2026 10:58
d81137ae-a908-4497-9a2e-46d9416ffb5a,hoggish.partners,available,10.48,88.98,low,low,7,namecheap,,,21/08/2026 10:16
80db4b20-f81e-453d-a3ef-92fb85221c74,diluvian.partners,available,10.48,88.98,medium,low,8,namecheap,,,14/08/2026 07:51
f04d0543-562f-4545-bacc-1b0c1ece1309,alkyd.partners,available,20.99,71.99,medium,low,5,namesilo,,,18/09/2026 08:33
0f4cf13a-cd6f-4da3-816f-379c07c8e743,nuptial.partners,available,10.48,88.98,high,low,7,namecheap,,,11/08/2026 03:55
4b98d1e2-7b15-4c1c-a0d2-9c83d4837e8e,renewal.partners,available,13.99,,high,low,7,name.com,,,
33dc836c-0972-41ac-a968-502b9883ed45,pakistani.partners,available,10.48,88.98,high,low,9,namecheap,,,04/09/2026 23:13
7adfc269-cf88-44f8-9c0d-0000b96bb077,fran.partners,available,13.99,,high,low,4,name.com,,,
b318aef8-e357-4936-b6dd-d5c336ba5f65,tightly.partners,available,20.99,71.99,medium,low,7,namesilo,,,16/09/2026 09:06
f1865513-c5bf-4dcf-aa53-11a3e441a429,neville.partners,available,10.48,88.98,high,low,7,namecheap,,,25/09/2026 18:10
42a2db51-a6f1-46ae-95b7-fb1fa0d9e62b,sensational.partners,available,13.99,,high,low,11,name.com,,,
8116a867-5350-4c58-a729-5fbf006ad056,postmortal.partners,available,10.48,88.98,medium,low,10,namecheap,,,09/09/2026 00:33
b0296c5f-7090-4a20-b305-3b5ed3dded8a,dazed.partners,available,13.99,92.99,medium,low,5,name.com,,,13/08/2026 18:53
896725e6-4459-4e24-aed5-cf5b35b408fe,pleased.partners,available,20.99,71.99,high,low,7,namesilo,,,27/09/2026 04:08
8996ec78-a3de-4c79-9783-6b00509b1505,gird.partners,available,20.99,71.99,medium,low,4,namesilo,,,20/09/2026 06:19
c534c008-32cf-4194-8815-2eb5b12f56a4,sore.partners,available,10.48,88.98,high,low,4,namecheap,,,
b3d78ff0-d7cc-4c66-ab4c-f6a91e671708,unlocking.partners,available,13.99,,high,low,9,name.com,,,
9b63ab4a-e1c1-4f40-91c3-eec4665d8cd4,evitable.partners,available,10.48,88.98,medium,low,8,namecheap,,,07/08/2026 22:45
b80af4ff-40a9-4f28-8f73-35f2c663bc60,kickshaw.partners,available,13.99,92.99,medium,low,8,name.com,,,13/08/2026 15:56
d93583b2-8c44-4928-bf34-89002cba8b75,opencut.partners,available,10.48,88.98,medium,low,7,namecheap,,,04/09/2026 16:10
339437d9-581b-4377-a52b-82c4390393e9,mesmeric.partners,available,10.48,88.98,medium,low,8,namecheap,,,24/08/2026 21:13
ed691425-da70-41af-898c-61860a12fc8a,lettered.partners,available,10.48,88.98,medium,low,8,namecheap,,,22/08/2026 16:54
d3344b96-a991-40a4-9562-0c2e3c16c023,sirach.partners,available,20.99,71.99,medium,low,6,namesilo,,,23/09/2026 07:34
ee6b4e86-2ed8-45c7-9342-5717076f2bd0,monacan.partners,available,10.48,88.98,medium,low,7,namecheap,,,25/08/2026 04:01
59e6a852-0e48-46f8-9153-2645d5f8a809,begin.partners,available,10.48,88.98,high,low,5,namecheap,,,23/09/2026 09:05
41500b65-c83d-40c6-909e-7eb307b8b35b,sweetish.partners,available,10.48,88.98,medium,low,8,namecheap,,,11/09/2026 05:36
250902bb-7fb8-4317-8512-373ea3df8b42,victuals.partners,available,10.48,88.98,medium,low,8,namecheap,,,12/08/2026 18:52
d72ed224-7898-4077-97ee-c46093f93d3a,sixfold.partners,available,10.48,88.98,medium,low,7,namecheap,,,10/09/2026 05:21
ef40942f-1f33-41d7-bb74-cb162566054c,arriver.partners,available,20.99,71.99,medium,low,7,namesilo,,,20/09/2026 09:16
1aa61743-b231-491c-894b-23b24b8a252d,amman.partners,available,20.99,71.99,high,low,5,namesilo,,,18/09/2026 21:59
f8203f14-4f80-4a27-b475-34cd42455944,shifting.partners,available,13.99,,high,low,8,name.com,,,
84c9bf8d-466c-4f4f-b5b0-66620ffa94ee,nutriment.partners,available,20.99,71.99,medium,low,9,namesilo,,,18/09/2026 07:52
1aae74d4-40a3-4934-8d8a-7aa038eb2dc3,custard.partners,available,10.48,88.98,high,low,7,namecheap,,,24/09/2026 20:38
24cd890e-7e87-4b57-9e8a-56ad2e2b77d8,horseback.partners,available,10.48,88.98,high,low,9,namecheap,,,21/09/2026 23:38
a18faf8d-0c4a-42d0-b0f2-3b5611095e8a,minimal.partners,available,10.48,88.98,high,low,7,namecheap,,,24/08/2026 23:50
2520994d-fe3b-457b-89f6-2d320b842346,bigwig.partners,available,20.99,71.99,high,low,6,namesilo,,,23/09/2026 15:30
bb726655-6a46-4b36-966f-f3b4749d9536,lovable.partners,available,10.48,88.98,high,low,7,namecheap,,,24/08/2026 10:06
5f6fbfb7-5867-4493-a7c9-46971d2314fc,fond.partners,available,20.99,71.99,high,low,4,namesilo,,,21/09/2026 21:45
6a84c157-187a-4a80-819e-012b172a35ba,diary.partners,available,10.48,88.98,high,low,5,namecheap,,,24/09/2026 22:13
5b42d7fa-d3f7-46c5-886a-2d164bd21a91,offer.partners,premium,128.7,128.7,high,low,5,namecheap,,,23/09/2026 13:36
ed1210e6-f3e7-4d9f-a407-a5c4a736ef71,declared.partners,available,10.48,88.98,medium,low,8,namecheap,,,13/08/2026 21:46
bad51108-9e09-49de-80ff-7fc97415db3f,travelling.partners,available,13.99,,high,low,10,name.com,,,
a5c28303-2cb8-4db7-a439-0d8dc683a9a0,aesthete.partners,available,20.99,71.99,high,low,8,namesilo,,,17/09/2026 13:35
2dce81de-8b1c-4640-8ffd-13369e8fa6f1,grudging.partners,available,10.48,88.98,medium,low,8,namecheap,,,20/08/2026 20:31
95ec6189-df27-49a2-9f8e-3dfbce95c242,acquiesce.partners,available,20.99,71.99,high,low,9,namesilo,,,20/09/2026 16:11
2b7ddab4-7002-4cee-8924-7839f25674c3,blowzy.partners,available,10.48,88.98,low,low,6,namecheap,,,10/08/2026 15:41
225229f6-8ee1-4d66-ba87-dda0572a4431,scarecrow.partners,available,20.99,71.99,high,low,9,namesilo,,,23/09/2026 19:41
80dcff75-37a9-4f98-b90a-7d822f71d69c,benefic.partners,available,10.48,88.98,medium,low,7,namecheap,,,09/08/2026 14:18
fda5c838-89d5-48f2-a953-f6feae170c51,dispatcher.partners,available,20.99,71.99,high,low,10,namesilo,,,24/09/2026 22:52
34e9190a-2d63-42ba-9295-9dde8f30ec04,ageism.partners,available,20.99,71.99,medium,low,6,namesilo,,,17/09/2026 16:54
b36c5244-1f03-45d9-97f4-e92bff1476e0,redberry.partners,available,20.99,71.99,medium,low,8,namesilo,,,17/09/2026 04:20
b9580971-1a99-4a1e-8b22-eed01fa9051b,gullible.partners,available,10.48,88.98,medium,low,8,namecheap,,,18/08/2026 07:40
adc15f83-174d-4a17-bb9e-720b5acb18b4,shahn.partners,available,20.99,71.99,high,low,5,namesilo,,,23/09/2026 07:28
ce8268ef-86e4-4d80-93fa-4f6501453cbf,allah.partners,available,10.48,88.98,high,low,5,namecheap,,,18/09/2026 09:44
20323edd-e0f0-4f69-84c5-e6828acf18fe,roofs.partners,available,13.99,,medium,low,5,name.com,,,
d7b24953-9e9e-4c4b-b571-29032854e1ac,blancmange.partners,available,20.99,71.99,medium,low,10,namesilo,,,24/09/2026 03:51
b1f07264-ba19-4571-a23e-6d9731642866,homologous.partners,available,10.48,88.98,medium,low,10,namecheap,,,21/08/2026 12:58
3b0a16b4-9854-4de2-b5e0-5af3c2d7bda1,bitumen.partners,available,20.99,71.99,medium,low,7,namesilo,,,23/09/2026 23:13
398c895f-dd7e-4124-a2fb-1975d5e1ab23,lacy.partners,available,10.48,88.98,high,low,4,namecheap,,,22/08/2026 17:47
0021fb72-f877-4b5d-b1a6-560a7a77dc4c,scrap.partners,available,10.48,88.98,high,low,5,namecheap,,,18/08/2026 03:49
3a952ba1-8da3-475a-b370-59d66e4c8455,mauritian.partners,available,10.48,88.98,high,low,9,namecheap,,,24/08/2026 17:35
f593d642-163e-430a-9563-ef43c0745df0,blind.partners,available,20.99,71.99,high,low,5,namesilo,,,22/09/2026 21:56
a84f5484-1e48-4ff5-ac46-80dfab1dfa90,untypical.partners,available,10.48,88.98,medium,low,9,namecheap,,,07/08/2026 16:10
45624a0d-e5f6-4006-8a0e-c8f6eba8aa45,lunisolar.partners,available,10.48,88.98,medium,low,9,namecheap,,,24/08/2026 11:31
6eff5058-79c5-44db-a962-8782cfe4db8e,beatles.partners,available,20.99,71.99,high,low,7,namesilo,,,22/09/2026 21:43
f971565d-0e78-4427-bb3b-6e204e78d09d,rucksack.partners,available,13.99,92.99,high,low,8,name.com,,,21/09/2026 14:41
4305bd17-9c80-4daa-b063-01a7cacf06f7,lxxxvi.partners,available,10.48,88.98,medium,low,6,namecheap,,,
102d579b-dc2c-4d70-bf86-5e592ff7c6f6,casket.partners,available,13.99,,high,low,6,name.com,,,
77949dad-5e97-4725-bd8b-f35ac5957350,impending.partners,available,10.48,88.98,high,low,9,namecheap,,,21/08/2026 20:59
b11820b0-9a77-42ec-b6a2-bca61c629742,junkie.partners,available,20.99,71.99,medium,low,6,namesilo,,,17/09/2026 06:51
9ea72709-d989-43ae-9906-cf12fc54fbfa,marin.partners,available,20.99,71.99,high,low,5,namesilo,,,25/09/2026 15:45
221eb522-987c-48f1-b228-785b214aca74,abnormalcy.partners,available,20.99,71.99,medium,low,10,namesilo,,,16/09/2026 16:19
773d5216-825c-4acf-80ae-963fab5b25da,vehicular.partners,available,10.48,88.98,medium,low,9,namecheap,,,13/09/2026 01:48
8eac89e0-d7bd-4df4-aa66-39f737947c94,fissure.partners,available,10.48,88.98,high,low,7,namecheap,,,13/08/2026 04:18
ce4e5e0f-4e61-477c-910b-b34e2c60b720,hindi.partners,available,10.48,88.98,high,low,5,namecheap,,,21/08/2026 09:32
81eedff7-fe41-44e0-b326-86e70274df9e,sheraton.partners,available,,,high,high,8,,,,
564f13f6-05a9-4201-aa89-d4ebe7163953,beak.partners,available,20.99,71.99,high,low,4,namesilo,,,22/09/2026 19:41
a1324292-26e5-4d31-b1d4-86926c7a0e6f,arcturus.partners,available,20.99,71.99,medium,low,8,namesilo,,,20/09/2026 03:01
672684fe-97a3-484e-8a67-5debf034ef5a,mechanized.partners,available,20.99,71.99,high,low,10,namesilo,,,19/09/2026 16:26
b136b73a-3a85-49da-b74b-9ed993b90aa9,moldy.partners,available,10.48,88.98,medium,low,5,namecheap,,,25/09/2026 21:25
77feeb6c-e04c-4474-bfaa-3275221e1913,stinging.partners,available,13.99,92.99,high,low,8,name.com,,,13/08/2026 13:17
1b1008e8-647f-47b7-903b-0aa7810fabdf,ramble.partners,available,10.48,88.98,high,low,6,namecheap,,,10/09/2026 22:10
f3370d4e-a1f0-4a33-b532-2b96a49fa18e,latest.partners,available,10.48,88.98,high,low,6,namecheap,,,
a7f1bade-7266-4d6a-ad7f-ecb316d4dc07,flapjack.partners,available,20.99,71.99,high,low,8,namesilo,,,22/09/2026 14:32
4e607779-390a-462b-88fc-199cce389f45,equivalent.partners,available,10.48,88.98,high,low,10,namecheap,,,24/09/2026 14:50
7e7106be-d562-4115-a050-5507a89b52c3,transposed.partners,available,10.48,88.98,medium,low,10,namecheap,,,11/09/2026 18:59
fb8b4d33-8951-46ce-825a-e261ff5b15d0,billed.partners,available,10.48,88.98,high,low,6,namecheap,,,09/08/2026 21:23
580349c1-1f0a-44c8-9318-f62fe095dbd5,besides.partners,available,13.99,,high,low,7,name.com,,,
2e98fb55-3d6f-4cba-b15b-da2050de2188,plumb.partners,available,10.48,88.98,high,low,5,namecheap,,,12/08/2026 10:05
187a5358-c557-4a4b-ba01-6e21b9e7a28c,innocence.partners,available,13.99,,high,low,9,name.com,,,
436dbc40-03c8-4d9c-8d04-7d603702653e,objects.partners,available,13.99,,medium,low,7,name.com,,,
f2334f28-9d63-4d52-8cb2-dd2ce57c3b03,nana.partners,available,13.99,,high,low,4,name.com,,,
e4f684ac-d22c-4b01-be67-fbd84d00605e,unstarred.partners,available,10.48,88.98,medium,low,9,namecheap,,,12/09/2026 01:15
021ff788-1ab5-4708-9b61-a00d44ecb697,lupine.partners,available,10.48,88.98,high,low,6,namecheap,,,24/08/2026 11:39
d0acbde7-2528-43e9-8fd6-a146562db7a4,crypt.partners,available,10.48,88.98,high,low,5,namecheap,,,24/09/2026 19:58
ce1c322b-64ea-4b63-a9b2-041696be0ac3,anzio.partners,available,20.99,71.99,medium,low,5,namesilo,,,19/09/2026 16:01
03525d09-0ead-46c8-a7c1-b5a1fede359b,algol.partners,available,20.99,71.99,medium,low,5,namesilo,,,18/09/2026 07:05
5804c480-cbc1-4bef-b062-0c1a0f9aaa3c,resumed.partners,available,20.99,71.99,medium,low,7,namesilo,,,18/09/2026 02:30
3d524e42-9d67-4707-b6bb-842b2b5ba72b,anaerobe.partners,available,10.48,88.98,medium,low,8,namecheap,,,19/09/2026 01:18
143f5a10-32d7-4539-a24a-a2d5f6c375bb,rested.partners,available,13.99,,high,low,6,name.com,,,
df356c1e-c735-4cfa-b792-55cf7328c603,executable.partners,available,10.48,88.98,high,low,10,namecheap,,,17/08/2026 16:50
5446e90e-d9be-463b-9ffd-fb11d0505cce,ohio.partners,available,13.99,,high,low,4,name.com,,,
d19498c2-2c59-4f4b-9a42-4013543b6212,protester.partners,available,10.48,88.98,medium,low,9,namecheap,,,14/08/2026 12:41
8206f28d-37e4-4b77-a9ec-2ab5918c8a52,nasally.partners,available,10.48,88.98,medium,low,7,namecheap,,,15/09/2026 16:10
1cb22d1d-774c-43a4-9e12-d1556c7b2fc1,curator.partners,available,20.99,71.99,high,low,7,namesilo,,,24/09/2026 17:27
b142b873-c52e-42fe-b3ae-b6eca8ebfad8,election.partners,available,13.99,,high,low,8,name.com,,,
8c1fd81d-8260-47c4-9261-7ab1eb02b080,adulthood.partners,available,20.99,71.99,high,low,9,namesilo,,,17/09/2026 10:25
f0075ff7-0c5c-4d50-a490-ee383921eb7a,feathery.partners,available,10.48,88.98,high,low,8,namecheap,,,18/08/2026 00:18
4a2c07fc-180d-48c6-9a14-a451660bdabd,cats.partners,available,20.99,71.99,high,low,4,namesilo,,,17/09/2026 10:29
4009aa82-fa9f-44b0-8baa-760f9680b739,taut.partners,available,10.48,88.98,high,low,4,namecheap,,,11/09/2026 09:17
43dc8836-c1f8-470b-85ab-6d8730362675,skint.partners,available,10.48,88.98,medium,low,5,namecheap,,,11/08/2026 05:21
0f974930-267f-49e8-83d1-eb39dea0af8b,squawk.partners,available,20.99,71.99,high,low,6,namesilo,,,23/09/2026 00:25
d0c091ad-d9aa-433a-9b6e-3233fd9d90d7,graspable.partners,available,10.48,88.98,medium,low,9,namecheap,,,06/08/2026 08:18
b44a1946-25b9-4d1b-8c91-92429d6c020a,determined.partners,available,20.99,71.99,high,low,10,namesilo,,,24/09/2026 07:38
25627b64-b77b-4ace-bc15-5f2bf5ff30ff,jamesian.partners,available,10.48,88.98,medium,low,8,namecheap,,,22/08/2026 12:13
93cd96cd-4d41-48fc-884b-b84a5ab5b4be,cozily.partners,available,10.48,88.98,medium,low,6,namecheap,,,14/09/2026 08:48
4ad62566-43b6-4515-a4a6-83f31ccc7646,sure.partners,available,10.48,88.98,high,low,4,namecheap,,,24/09/2026 21:05
4104e7fa-ac2e-4a44-b875-e03649ba8ad9,guinean.partners,available,10.48,88.98,high,low,7,namecheap,,,20/08/2026 20:52
ce4901b2-d4aa-41e8-8e5f-2d3f4a226828,erogenous.partners,available,10.48,88.98,medium,low,9,namecheap,,,17/08/2026 12:28
a893a7b9-f722-4aaf-9cf6-219b758d37bc,indecent.partners,available,20.99,71.99,medium,low,8,namesilo,,,25/09/2026 09:06
317bd776-6fc4-4dbf-900d-4bf652b81e96,observance.partners,available,10.48,88.98,high,low,10,namecheap,,,12/08/2026 00:35
f87b54db-a41b-47d3-9c9a-5990e3663140,timid.partners,available,10.48,88.98,high,low,5,namecheap,,,11/08/2026 22:46
7a732650-9323-4a5a-8c51-8d3ce28572ff,bellyband.partners,available,20.99,71.99,medium,low,9,namesilo,,,23/09/2026 06:51
6d0ed18c-e469-46a8-94af-654d75f5768e,distinction.partners,available,13.99,,high,low,11,name.com,,,
08d8bc0e-1e66-46b5-93bf-9c57cf10adf6,procurement.partners,premium,78.54,78.54,high,low,11,namesilo,,,23/09/2026 02:56
401805bf-85f0-4073-a821-fbe508d05dc0,ebay.partners,available,,,high,high,4,,,,
f476a680-59d7-406f-9467-f42d817ecabb,constable.partners,available,20.99,71.99,high,low,9,namesilo,,,24/09/2026 17:31
0353cb65-91fc-4ce3-aec3-4df2bcc17603,forking.partners,available,10.48,88.98,medium,low,7,namecheap,,,11/08/2026 02:19
c6cbe945-ff44-4922-b64f-00cc1d34fed6,jolson.partners,available,10.48,88.98,medium,low,6,namecheap,,,18/09/2026 01:21
29e1bc0c-f66a-4849-a095-a83a8a826540,shitlist.partners,available,10.48,88.98,medium,low,8,namecheap,,,24/09/2026 00:19
cc5ced0f-d5dc-48f4-b09a-c9630c721f43,beach.partners,available,13.99,,high,low,5,name.com,,,
6b02f775-ae22-4310-9de9-c1e2957dd5aa,acadian.partners,available,10.48,88.98,high,low,7,namecheap,,,16/09/2026 20:29
00edf05f-4082-48c0-8503-9e05d2a35a43,picking.partners,available,20.99,71.99,high,low,7,namesilo,,,25/09/2026 09:58
5f83ea8c-4215-447b-bba2-042c498b28b5,sinuous.partners,available,10.48,88.98,high,low,7,namecheap,,,10/09/2026 08:38
e8732a7b-a88b-431d-80fb-cb262b49cc93,subvert.partners,available,10.48,88.98,medium,low,7,namecheap,,,13/08/2026 02:15
e1eb49a7-7566-4786-b133-406541dada84,swimwear.partners,available,20.99,71.99,high,low,8,namesilo,,,22/09/2026 13:39
1553ceca-c5d5-417d-bc1e-be60e579496a,bishop.partners,available,20.99,71.99,high,low,6,namesilo,,,23/09/2026 21:47
080fd79c-9605-450d-86f0-728a2ecf6282,stripy.partners,available,10.48,88.98,medium,low,6,namecheap,,,10/09/2026 22:46
84d3a754-8da2-4cb6-820e-b2d46ef145ea,geniality.partners,available,20.99,71.99,high,low,9,namesilo,,,17/09/2026 14:00
f828257e-d114-4d6f-bf2a-c90ea6b1a9d3,clickbait.partners,available,13.99,,medium,low,9,name.com,,,
c51bbe7f-1afe-4df9-8152-b796513a3edb,perky.partners,available,10.48,88.98,high,low,5,namecheap,,,08/09/2026 17:33
2446c112-5291-4d38-aca1-07c86b1f5df0,attainment.partners,available,20.99,71.99,high,low,10,namesilo,,,17/09/2026 02:38
89b6be2e-4eec-48f8-8cce-7594b8145293,block.partners,resell,,,high,low,5,"Sav.com, LLC - 8",14/11/2021 13:15,14/11/2026 13:15,26/09/2026 04:29
224f5bce-d749-4be7-9159-43d28f35eca9,malawian.partners,available,10.48,88.98,high,low,8,namecheap,,,24/08/2026 13:40
52eebea0-ad48-4f6c-868b-68129f896d67,audacious.partners,available,20.99,71.99,high,low,9,namesilo,,,22/09/2026 12:06
57b6ffc8-9e16-4cbd-8e71-a200661fee54,faithfully.partners,available,10.48,88.98,high,low,10,namecheap,,,14/09/2026 11:42
da373f46-a59c-4477-b8cb-fe20e5cbd6b6,southampton.partners,available,20.99,71.99,high,low,11,namesilo,,,25/09/2026 14:27
aa37c3f6-a04a-4b5f-84ab-73ddf8498eab,slothful.partners,available,10.48,88.98,medium,low,8,namecheap,,,17/08/2026 20:58
03286472-ab55-49b5-aaeb-9aa6f5c85032,fussy.partners,available,10.48,88.98,medium,low,5,namecheap,,,08/08/2026 07:47
4496b55d-5dc8-4b0f-aa45-62884bdbecbc,kathleen.partners,available,20.99,71.99,high,low,8,namesilo,,,25/09/2026 14:34
e05e4d85-7446-4268-8338-a4373e914eb9,apocryphal.partners,available,10.48,88.98,medium,low,10,namecheap,,,06/08/2026 01:11
3f926535-3a1d-4ed4-896d-a1eb7a57e750,solicit.partners,available,13.99,,high,low,7,name.com,,,
b7f872e8-0956-48fa-8484-02845b606d00,heated.partners,available,10.48,88.98,high,low,6,namecheap,,,21/08/2026 02:17
5f40b3a9-8304-438d-ad53-325dc3c1e393,insufficient.partners,available,13.99,,medium,low,12,name.com,,,
021b05b3-c9db-4afd-8b90-380a02d30a0c,concave.partners,available,10.48,88.98,high,low,7,namecheap,,,12/08/2026 19:50
a815002a-1042-4be3-93ca-83db5c98313a,merciless.partners,available,10.48,88.98,medium,low,9,namecheap,,,24/08/2026 20:36
4467aeae-3208-47d0-bd9c-883f10af400f,his.partners,premium,242,242,high,low,3,namesilo,,,
3cf133a6-a24b-4860-92ee-00d67c8d610d,totally.partners,available,10.48,88.98,high,low,7,namecheap,,,22/09/2026 00:22
b1a89c40-1a8b-4d88-8bfa-43fe71830f80,forests.partners,available,20.99,71.99,medium,low,7,namesilo,,,18/09/2026 06:04
86728953-22ba-4ddf-a82f-e72e53341472,blogs.partners,available,20.99,71.99,medium,low,5,namesilo,,,20/09/2026 05:52
a4ee77b4-ff2e-4178-a288-d37ab9830117,rarified.partners,available,10.48,88.98,medium,low,8,namecheap,,,17/08/2026 15:46
856cbdb5-b4cf-48c3-b3a9-b58583f22d2e,evening.partners,available,20.99,71.99,high,low,7,namesilo,,,24/09/2026 15:27
9b0e3f1d-fc3b-44d3-9534-aac151b507e6,nobelium.partners,available,20.99,71.99,medium,low,8,namesilo,,,20/09/2026 21:58
eee8c91f-4aed-44ef-9e58-cf63abc810e4,delinquent.partners,available,10.48,88.98,medium,low,10,namecheap,,,14/08/2026 00:42
1e42f260-8b7d-42a4-8858-6d673969ec5b,usefully.partners,available,20.99,71.99,medium,low,8,namesilo,,,16/09/2026 10:28
0702d4cd-742d-45a8-89af-2939c88a86b6,delegate.partners,available,10.48,88.98,high,low,8,namecheap,,,24/09/2026 21:30
a2ccd402-25c0-4bcc-a821-b5bedafd2350,arizonan.partners,available,20.99,71.99,medium,low,8,namesilo,,,20/09/2026 06:05
cfd54d5a-4d00-4686-9433-1b36bf60ef51,balagan.partners,available,20.99,71.99,medium,low,7,namesilo,,,21/09/2026 20:48
f841c026-4d53-4c8f-b2aa-d6a1d009c2a7,hail.partners,available,20.99,71.99,high,low,4,namesilo,,,16/09/2026 22:38
8125fd21-af3c-4a2a-a708-9a2cd5fb1cfc,beckley.partners,available,10.48,88.98,medium,low,7,namecheap,,,22/09/2026 22:43
d350644e-e773-4f44-8004-eac4fd778242,unarmed.partners,available,10.48,88.98,medium,low,7,namecheap,,,12/09/2026 01:00
cf2fcd0b-c9ec-428f-8e88-d084a2994455,reversely.partners,available,10.48,88.98,medium,low,9,namecheap,,,15/09/2026 23:37
fda82a2c-f852-4d20-841b-9e54a842100c,lister.partners,available,20.99,71.99,high,low,6,namesilo,,,22/09/2026 07:14
2a62bbc5-e5f4-4486-9dc3-3ff294c8bcd7,foamy.partners,available,10.48,88.98,high,low,5,namecheap,,,11/08/2026 07:20
bea9e880-1bfd-497c-ba5c-eb2886b45f78,detain.partners,available,10.48,88.98,high,low,6,namecheap,,,24/09/2026 21:28
776688e6-5f3a-4362-9789-eecad805f303,cutely.partners,available,10.48,88.98,medium,low,6,namecheap,,,14/09/2026 09:59
de498e3c-09ba-44ab-84e8-a2fa311be48f,wraps.partners,available,20.99,71.99,medium,low,5,namesilo,,,20/09/2026 11:16
511e020d-c3fd-430d-8003-ec30bca87b72,youngest.partners,available,13.99,,high,low,8,name.com,,,
2b7eb09f-de53-4a5d-a198-5b3d3da461cb,newbie.partners,available,10.48,88.98,high,low,6,namecheap,,,24/09/2026 19:51
17006650-d822-481f-9ba8-8cd29c540364,sunblind.partners,available,20.99,71.99,medium,low,8,namesilo,,,21/09/2026 10:15
2141ae96-827a-4eec-9a6f-a19d0930e996,gus.partners,available,20.99,71.99,high,low,3,namesilo,,,25/09/2026 15:07
50460c07-2f6b-413a-ac9c-fae816f07d8b,fasten.partners,available,13.99,,high,low,6,name.com,,,
15af3716-32c0-4961-9ef4-0d63914ca4cf,illumine.partners,available,10.48,88.98,high,low,8,namecheap,,,08/09/2026 04:54
48c73789-3ee6-44e5-93dd-aede32308e4c,glare.partners,available,20.99,71.99,high,low,5,namesilo,,,24/09/2026 10:22
0670be52-7e68-4fe5-948d-75d951799b1b,honeymoons.partners,available,20.99,71.99,medium,low,10,namesilo,,,20/09/2026 01:32
ed3c23fe-303f-453a-8a07-962755372ec7,lethargic.partners,available,10.48,88.98,medium,low,9,namecheap,,,23/08/2026 00:27
86e2ff0d-31f9-4670-b396-32e01e0e2be3,mistreat.partners,available,10.48,88.98,medium,low,8,namecheap,,,16/09/2026 19:06
738cabef-0cec-4e92-ae9f-4d9a00f4f429,citric.partners,available,10.48,88.98,high,low,6,namecheap,,,12/08/2026 08:54
c7628e1e-b498-4b95-ac57-53dc7992e9fd,relapse.partners,available,13.99,,high,low,7,name.com,,,
b039e511-e6a2-4164-9b03-d2feb6023522,erect.partners,available,10.48,88.98,high,low,5,namecheap,,,17/08/2026 12:04
683b842f-669d-4c66-bcc8-03544ce005a0,cut.partners,available,20.99,71.99,high,low,3,namesilo,,,24/09/2026 04:08
baca05f7-e804-45c4-ba4b-61f3d0036ad4,queried.partners,available,20.99,71.99,medium,low,7,namesilo,,,20/09/2026 15:21
374046a3-d4d6-419f-829b-045ee3ba9b55,second.partners,available,20.99,71.99,high,low,6,namesilo,,,21/09/2026 12:59
80434320-fb76-4b56-a0b5-32e76ba22a57,engines.partners,available,10.48,88.98,medium,low,7,namecheap,,,19/09/2026 19:59
495d9e8d-9018-4042-bde5-5d7d71badbaa,canonic.partners,available,10.48,88.98,high,low,7,namecheap,,,11/08/2026 17:22
0d003cdf-9d55-4f59-bfaf-a8676e68ba30,quran.partners,available,10.48,88.98,high,medium,5,namecheap,,,18/09/2026 01:05
0b72ecf5-8c37-4354-bdef-867da7026338,jussieu.partners,available,20.99,71.99,medium,low,7,namesilo,,,19/09/2026 15:24
6830895b-797d-4918-996e-720ce75bbbf2,sanious.partners,available,10.48,88.98,medium,low,7,namecheap,,,21/08/2026 17:49
8f30059c-07bc-4dfc-8fc3-b9c8ac5f806e,tunnel.partners,available,20.99,71.99,high,low,6,namesilo,,,25/09/2026 03:48
92830a6f-13f3-466d-b96a-127e7ccd9b03,theresa.partners,available,10.48,88.98,high,low,7,namecheap,,,17/09/2026 18:43
31a2075f-88cd-4f71-9f7a-80741760d946,snowdrop.partners,available,20.99,71.99,high,low,8,namesilo,,,19/09/2026 05:27
5dc40233-8bdd-4d94-b752-d3e2b317decd,starkly.partners,available,20.99,71.99,medium,low,7,namesilo,,,16/09/2026 06:57
1f7815af-5040-42f6-bf25-c1d72dadded7,spanking.partners,available,10.48,88.98,high,low,8,namecheap,,,11/08/2026 04:33
0c3146eb-ed97-455e-8c9c-c3828c93878e,tunguska.partners,available,20.99,71.99,medium,low,8,namesilo,,,19/09/2026 05:45
a810b562-ae22-434c-aee1-200d695f27b2,mcmahon.partners,available,20.99,71.99,high,low,7,namesilo,,,25/09/2026 21:50
164ebc8c-d05b-47ca-8bba-e2bc6e0af74f,submarine.partners,available,10.48,88.98,high,low,9,namecheap,,,11/09/2026 00:16
a5fd7cef-8374-43f5-9f56-ac7f089c7c1b,adnexa.partners,available,20.99,71.99,medium,low,6,namesilo,,,17/09/2026 09:05
b3a3ab98-3620-4a0b-a263-b62f52fb484d,toying.partners,available,13.99,,high,low,6,name.com,,,
ca7ec576-44fc-41e0-b35f-0c6fed340c57,isle.partners,available,13.99,,high,low,4,name.com,,,
85c5ef1a-3d95-4bb6-9ff8-921b9303aae6,page.partners,premium,242,242,high,low,4,namesilo,,,
b9ee54ad-c31b-46d5-86f5-952ae63c9504,camisole.partners,available,20.99,71.99,high,low,8,namesilo,,,24/09/2026 11:52
45a4bc80-dd95-4704-8356-583c61d77489,tentative.partners,available,20.99,71.99,high,low,9,namesilo,,,27/09/2026 07:00
94bf7060-4448-4743-9b0b-01040955be6e,untwisted.partners,available,10.48,88.98,medium,low,9,namecheap,,,12/09/2026 21:56
1c5b1096-ba72-4fef-ad96-2f5ecf2731fd,daisy.partners,available,20.99,71.99,high,low,5,namesilo,,,25/09/2026 04:34
c3b7cac7-203f-4f18-84c8-58f63219af1e,conceptive.partners,available,10.48,88.98,medium,low,10,namecheap,,,12/08/2026 20:03
20fd3cb7-fdd4-4d27-9f46-3848c64f8d70,boats.partners,premium,128.7,128.7,high,low,5,namecheap,,,17/09/2026 16:33
5926ad8a-8516-4a1d-95cc-6d199bcd16a3,minutes.partners,available,13.99,,high,low,7,name.com,,,
b04ff423-e6aa-485d-b9c5-88071776c238,expecting.partners,available,13.99,,high,low,9,name.com,,,
40df41f0-f566-4cbe-8b86-b6aa73cee329,clyde.partners,available,20.99,71.99,high,low,5,namesilo,,,25/09/2026 04:17
3244509b-0954-4bcf-b243-d1f5059713d1,expound.partners,available,10.48,88.98,high,low,7,namecheap,,,16/08/2026 00:37
715fc3a3-a53f-4e2a-bd02-c0abce6cbf57,masters.partners,available,13.99,,high,low,7,name.com,,,
0bad560b-f173-4ad3-9ff9-d55a58831c04,export.partners,premium,500,,high,low,6,name.com,,,
e2725cc8-966a-4075-a0e3-f65cfbbc843e,algometric.partners,available,10.48,88.98,medium,low,10,namecheap,,,
c63d746d-16e4-4667-9b38-ea08c79d4728,threadbare.partners,available,10.48,88.98,medium,low,10,namecheap,,,08/08/2026 11:10
e4776a16-0304-420f-b1dc-188046735180,alaska.partners,premium,78.54,78.54,high,low,6,namesilo,,,
ddf9c763-d81d-41dc-a77c-6f46b8d00935,norse.partners,available,10.48,88.98,high,low,5,namecheap,,,03/09/2026 21:11
6c90dd8a-bc0a-4b71-b518-ddf006b37dc9,expose.partners,available,13.99,,high,low,6,name.com,,,
3536211c-af8a-4d22-8c88-2c5224f5f80b,assessor.partners,available,20.99,71.99,high,low,8,namesilo,,,20/09/2026 16:19
67ae7fce-f931-48c8-b2ec-7ab8fb162a8d,capacitive.partners,available,10.48,88.98,medium,low,10,namecheap,,,11/08/2026 17:49
8f1581a1-0669-4a80-80f0-45b530d6d52e,grisly.partners,available,10.48,88.98,medium,low,6,namecheap,,,18/08/2026 23:15
8f495cd7-8900-491a-b7a6-f79f64d79fe8,grimly.partners,available,10.48,88.98,medium,low,6,namecheap,,,14/09/2026 22:25
88f50ad4-e45d-4fa0-b577-bd152ebbd96d,becalm.partners,available,10.48,88.98,medium,low,6,namecheap,,,10/09/2026 19:38
cea27abf-20e0-4518-b5cb-61df12f1d590,transcript.partners,available,20.99,71.99,high,low,10,namesilo,,,25/09/2026 22:18
31a69031-38ca-419f-80a8-0e3cab9ca6ac,excavate.partners,available,10.48,88.98,high,low,8,namecheap,,,21/08/2026 10:33
233f4107-1aa7-4e70-a8d3-cac3a30abe5c,christians.partners,available,20.99,71.99,high,low,10,namesilo,,,16/09/2026 12:24
81fe74bd-e50a-404e-af9a-6b763cddf7ca,conceptual.partners,available,10.48,88.98,high,low,10,namecheap,,,12/08/2026 20:05
9b35311a-5764-44e7-981f-b3c47595e988,amusement.partners,available,20.99,71.99,high,low,9,namesilo,,,26/09/2026 00:23
ffbbdcc6-2371-4f6e-a2f1-acf1486ec747,kirkland.partners,available,,,high,high,8,,,,
dbc084a9-db40-42fa-8481-beeadd531551,godfrey.partners,available,10.48,88.98,high,low,7,namecheap,,,25/09/2026 18:26
aa8bb9fe-111a-43e7-b341-0deb2efd1838,annapurna.partners,available,20.99,71.99,medium,low,9,namesilo,,,19/09/2026 02:23
55bb4103-b9a5-457a-aee3-f13bfed05658,civilly.partners,available,10.48,88.98,medium,low,7,namecheap,,,14/09/2026 06:57
7550dbe4-0e80-40c4-ac4a-ce21fe79a5d2,birthrate.partners,available,10.48,88.98,medium,low,9,namecheap,,,23/09/2026 20:56
996beda7-2c0a-44ed-8fb0-b6482fd626ed,beers.partners,available,10.48,88.98,medium,low,5,namecheap,,,27/09/2026 10:55
60cd39bc-3d9d-46b2-8d48-ae082ebb2f02,agamid.partners,available,20.99,71.99,medium,low,6,namesilo,,,17/09/2026 16:08
4ab2eea4-a799-498c-bb1c-779381e29f8f,cockroach.partners,available,20.99,71.99,medium,low,9,namesilo,,,24/09/2026 16:13
84f67fb8-c640-4fe8-bf94-a2dfc5a070ab,uxorious.partners,available,10.48,88.98,medium,low,8,namecheap,,,13/09/2026 00:33
d63c04d5-0538-475b-a5fd-05aa96cb49b7,ability.partners,available,13.99,,high,low,7,name.com,,,
2deeb6e3-1a19-47f9-a651-6d3d6c4f7f02,boiling.partners,available,10.48,88.98,high,low,7,namecheap,,,14/09/2026 00:51
8f0bc43d-3c80-401e-b9fa-f0f86590aa8e,stopping.partners,available,13.99,,high,low,8,name.com,,,
3a7416d6-ab77-4a43-9236-a2a10f105b9b,glistening.partners,available,10.48,88.98,high,low,10,namecheap,,,20/08/2026 14:30
13ee35ca-9e4d-4dd6-8c70-7b1ccfe48117,homebound.partners,available,10.48,88.98,medium,low,9,namecheap,,,21/08/2026 10:54
3c386d6c-54c3-4b78-b75c-f714f9f1861a,marly.partners,available,10.48,88.98,medium,low,5,namecheap,,,24/08/2026 16:08
bb1c09b8-6168-4e4b-96ac-1a928883f4ff,redial.partners,available,20.99,71.99,high,low,6,namesilo,,,16/09/2026 12:47
0c4d3768-feec-43e7-a058-8ff8a8b0469b,couples.partners,available,10.48,88.98,high,low,7,namecheap,,,
e2c63f68-0f88-4957-91df-c5ba9b4d6b4b,truthfully.partners,available,20.99,71.99,high,low,10,namesilo,,,16/09/2026 09:34
ddf4a343-c184-4cfd-8342-d1bbcf87a7ff,indian.partners,available,20.99,71.99,high,low,6,namesilo,,,22/09/2026 04:13
3afd0c59-8579-438d-868a-5d9b696d5e88,inchoate.partners,available,10.48,88.98,medium,low,8,namecheap,,,22/08/2026 01:16
f65a5b27-35bc-4e12-beed-0406ba2c4cdf,astragalus.partners,available,20.99,71.99,high,low,10,namesilo,,,19/09/2026 09:45
6fa73b45-5191-4326-ad49-9c151ee0d61d,resume.partners,available,20.99,71.99,high,low,6,namesilo,,,24/09/2026 04:16
1f920bf0-60fa-4a1b-874b-94bc6b90a8d9,kvetch.partners,available,10.48,88.98,medium,low,6,namecheap,,,08/09/2026 20:36
df2e7279-4695-42ba-99a3-75e95891050e,balochi.partners,available,20.99,71.99,medium,low,7,namesilo,,,21/09/2026 23:40
5d77cf1e-7aa7-4b5f-a07e-75094ffb0ff3,assisted.partners,available,20.99,71.99,high,low,8,namesilo,,,21/09/2026 23:41
7c6cb1ff-4bac-4ee5-9d2b-2dffca764e32,impeccably.partners,available,10.48,88.98,high,low,10,namecheap,,,15/09/2026 02:11
6bb1834f-da23-4a4c-a303-723333dc60e4,clientele.partners,available,20.99,71.99,high,low,9,namesilo,,,24/09/2026 15:37
b64ba9dc-3708-4a69-b679-d6699d77b9fc,giza.partners,available,13.99,,high,low,4,name.com,,,
1d99ffa6-fbbc-47a3-a07d-566bec59d04d,goby.partners,available,20.99,71.99,medium,low,5,namesilo,,,16/09/2026 16:23
bd67abcc-1c4e-4ecb-acd4-f22adbf3f196,sassy.partners,available,10.48,88.98,high,low,5,namecheap,,,04/09/2026 20:24
fcddb9ce-36b7-499b-ae16-e11cf01b7cba,zambian.partners,available,10.48,88.98,high,low,7,namecheap,,,13/09/2026 15:05
d4a3a0a1-ccc7-4358-9a38-8afe3913f8da,trigger.partners,available,20.99,71.99,high,low,7,namesilo,,,25/09/2026 06:46
84834dd5-7cfc-4e7e-80f0-8de2c2bc6850,cortical.partners,available,10.48,88.98,medium,low,8,namecheap,,,13/08/2026 02:35
aea70e27-25d2-495a-88c5-968328e2f672,yourselves.partners,available,13.99,,medium,low,10,name.com,,,
8cc42210-425a-42e4-a5ad-e11ee617de64,excessive.partners,available,10.48,88.98,medium,low,9,namecheap,,,17/08/2026 16:15
28a96b6a-f47b-43c7-9b90-0e2ef901b789,html.partners,available,13.99,,high,low,4,name.com,,,
fedeef5b-2d0b-46a9-b563-edcfdcbb9c81,unkindly.partners,available,10.48,88.98,medium,low,8,namecheap,,,12/09/2026 14:15
63cf5de3-dda7-48a1-b2aa-c2746670aa21,recherche.partners,available,10.48,88.98,high,low,9,namecheap,,,09/09/2026 11:27
a95bdf63-f8ad-4d4c-a7f8-87d9c63d0030,tractors.partners,available,20.99,71.99,medium,low,8,namesilo,,,21/09/2026 06:24
f9c3fda8-c2c5-4c80-ac09-e10aafda45a3,narratives.partners,available,10.48,88.98,medium,low,10,namecheap,,,20/09/2026 10:13
36addf8a-5741-4843-aea2-870757cbff2a,nocent.partners,available,10.48,88.98,medium,low,6,namecheap,,,03/09/2026 18:02
db13532f-744d-4f37-8dcf-b51d5318d147,shyly.partners,available,10.48,88.98,medium,low,5,namecheap,,,13/09/2026 23:37
f569f51a-5935-4d1d-a103-1bde62865ce9,omnivorous.partners,available,10.48,88.98,medium,low,10,namecheap,,,04/09/2026 13:56
9f2fcd3d-7d78-47f7-a060-3f1fbe1a9fb3,baedeker.partners,available,20.99,71.99,medium,low,8,namesilo,,,21/09/2026 17:22
e1f9d816-79f8-4811-a77a-01ab0d34189a,lossy.partners,available,10.48,88.98,medium,low,5,namecheap,,,24/08/2026 09:58
e707edeb-462b-457c-ba7e-7016b023c5d2,bolivian.partners,available,10.48,88.98,high,low,8,namecheap,,,10/08/2026 17:46
ada94f23-e150-4bb2-b5ce-c4f670d367e5,sopranino.partners,available,10.48,88.98,medium,low,9,namecheap,,,10/09/2026 14:22
6c0bc96d-40ba-4589-9d0e-df8dfd7895da,arugula.partners,available,10.48,88.98,high,low,7,namecheap,,,20/09/2026 12:10
fc6f1d31-47ac-46db-a176-6f6d0cfe58cf,solely.partners,available,10.48,88.98,high,low,6,namecheap,,,
37a29473-c2d5-400c-8d3d-e7e0fdaed8c5,lustrous.partners,available,10.48,88.98,high,low,8,namecheap,,,11/08/2026 11:00
8274ab8f-7496-48b5-9c9b-c67738e59632,duke.partners,available,13.99,,high,low,4,name.com,,,
e9a69aca-0c83-476f-8d99-6e55e67e0481,payment.partners,premium,118.8,118.8,high,low,7,namesilo,,,25/09/2026 23:01
bfaa4743-6e9f-402e-853c-0aff749ee87d,trumpian.partners,available,13.99,,medium,low,8,name.com,,,
c4b182a1-697e-41a3-994e-f7ed6dd70f5c,anita.partners,available,20.99,71.99,high,low,5,namesilo,,,25/09/2026 15:32
9a6618f7-872b-461b-8268-2c8e9a93a4c3,dixon.partners,available,20.99,71.99,medium,low,5,namesilo,,,25/09/2026 17:44
10246885-ce7a-471a-9ec2-71bc83d1a030,cultivator.partners,available,13.99,92.99,high,low,10,name.com,,,17/09/2026 19:20
a18392e6-c7d9-4067-85e3-ef9e0c3b09cd,adenoid.partners,available,10.48,88.98,medium,low,7,namecheap,,,
245404b7-af63-4bfd-8723-ff0af12acced,rooney.partners,available,10.48,88.98,high,low,6,namecheap,,,27/09/2026 07:48
51148e3c-effe-449c-be61-4d02996eda59,battler.partners,available,10.48,88.98,medium,low,7,namecheap,,,09/08/2026 13:32
64d4fb0d-1c30-4eb6-83fe-002be46b77e0,elbow.partners,available,20.99,71.99,high,low,5,namesilo,,,20/09/2026 11:23
ebacb848-ec1d-406b-84af-db002419b59d,brochure.partners,available,20.99,71.99,high,low,8,namesilo,,,24/09/2026 07:07
e009181d-7eb4-4b33-a30d-74841b3d555b,themself.partners,available,13.99,,medium,low,8,name.com,,,
cfdca233-9a58-47ee-9f69-c1736d67ba92,donkey.partners,available,13.99,,high,low,6,name.com,,,
8f6a6906-eb65-421b-9377-1dc417f71eeb,synovial.partners,available,10.48,88.98,medium,low,8,namecheap,,,11/09/2026 06:37
18e69f96-5e45-461b-a395-fb26a404c419,anytime.partners,available,13.99,,high,low,7,name.com,,,
24350502-71bf-41d5-8309-adbfb4f89a22,disbelief.partners,available,10.48,88.98,high,low,9,namecheap,,,24/09/2026 22:29
4040a621-2f76-42b7-9681-c534d3268c40,venetian.partners,available,10.48,88.98,high,low,8,namecheap,,,13/09/2026 02:02
8e25f4a5-e8c3-4840-a00b-972356c973ef,dusty.partners,available,10.48,88.98,high,low,5,namecheap,,,14/08/2026 21:35
0348c0fe-276a-470f-abfd-a3674cbe192b,breakneck.partners,available,10.48,88.98,medium,low,9,namecheap,,,11/08/2026 03:08
0d63cdbc-3160-420f-af6a-e7b183e619c9,chocolates.partners,available,20.99,71.99,high,low,10,namesilo,,,20/09/2026 08:51
094eefa6-6c7e-4e72-8a3c-25fd6b18e3dc,broom.partners,available,20.99,71.99,high,low,5,namesilo,,,24/09/2026 10:47
d15cfe0b-97c6-406b-b238-4365931e8f09,unsociable.partners,available,10.48,88.98,medium,low,10,namecheap,,,12/09/2026 20:09
e90db4c4-9362-4b82-a04c-e95d83d0ebe0,excess.partners,available,10.48,88.98,high,low,6,namecheap,,,17/08/2026 16:06
bd0b01d0-b490-4dab-9829-add7b7934593,trends.partners,available,10.48,88.98,high,low,6,namecheap,,,17/09/2026 19:12
4f1954b0-eb3b-4051-a88f-37a3cb52b66b,satellites.partners,available,13.99,,high,low,10,name.com,,,
a5d4a1b6-5d50-4ae9-b7a2-8610723c2243,montane.partners,available,10.48,88.98,high,low,7,namecheap,,,25/08/2026 05:41
34478d33-35f4-4362-91bc-ee35fa588d3f,storytellers.partners,available,20.99,71.99,high,low,12,namesilo,,,20/09/2026 12:55
c0218956-044b-4593-a4db-e0bc23fd92ae,tux.partners,available,20.99,71.99,high,low,3,namesilo,,,24/09/2026 01:52
4626090a-9385-4146-a927-a93da5e3b15e,sorcery.partners,available,10.48,88.98,high,low,7,namecheap,,,23/09/2026 23:51
91d53dec-8740-4710-9729-589fab7f633f,ought.partners,available,13.99,,high,low,5,name.com,,,
b537109c-1b8c-47ed-b553-7d5e7fac4502,punily.partners,available,10.48,88.98,low,low,6,namecheap,,,15/09/2026 22:01
4a040b4f-a9a4-4a2b-8fbe-03d2130b292e,arccos.partners,available,20.99,71.99,medium,low,6,namesilo,,,20/09/2026 01:15
e9328836-e732-4c8c-92e1-f5f3e8b1c93c,dictated.partners,available,10.48,88.98,medium,low,8,namecheap,,,14/08/2026 06:36
fc68d40d-eeb4-4fda-901d-603ccc6d695a,lapp.partners,available,20.99,71.99,high,low,4,namesilo,,,19/09/2026 15:44
f553840a-f778-4e49-83d2-0d475ce8b417,benevolent.partners,available,10.48,88.98,high,low,10,namecheap,,,09/08/2026 14:27
a1213b32-6aba-45c8-9a1d-d77f46b42534,cocoa.partners,available,13.99,,high,low,5,name.com,,,
c9ad9198-d3e2-4b75-8250-f1edaa3c8c62,hairless.partners,available,10.48,88.98,high,low,8,namecheap,,,20/08/2026 22:13
7f392415-b425-4e44-b9e6-a05296e17b22,changeover.partners,available,13.99,,high,low,11,name.com,,,
55bef6ce-86e8-47ba-9919-9184a9e1c5fe,charmingly.partners,available,10.48,88.98,medium,low,10,namecheap,,,14/09/2026 06:21
81119c25-9209-4d7a-83e8-62f314e49cec,brassy.partners,available,10.48,88.98,medium,low,6,namecheap,,,11/08/2026 02:33
2337d38d-3b94-4f07-a247-b280fcb8a37e,breadfruit.partners,available,20.99,71.99,high,low,10,namesilo,,,20/09/2026 11:57
ec814682-7bff-4cd0-a5bb-50b0cd8c1cad,everyday.partners,resell,,,high,low,9,Dynadot Inc,30/07/2026 17:00,30/07/2027 17:00,26/09/2026 05:55
1b3a69e2-b503-4684-b566-9d9f56adbe3b,exegetic.partners,available,10.48,88.98,medium,low,8,namecheap,,,17/08/2026 16:59
6625efdd-4b8d-4dfc-b288-b43b815aa0c1,bodied.partners,available,10.48,88.98,high,low,6,namecheap,,,10/08/2026 16:44
5ec2324a-0c51-4425-9bbd-ec63a376e88b,overland.partners,available,10.48,88.98,high,low,8,namecheap,,,04/09/2026 20:56
9780104e-1119-4f52-8d6f-072a89a7f7bd,awful.partners,available,10.48,88.98,high,low,5,namecheap,,,22/09/2026 15:06
8d836ff5-8de0-44c3-8b40-6e6286445d7b,rebellious.partners,available,10.48,88.98,medium,low,10,namecheap,,,14/08/2026 09:25
d83f15a6-d0b0-4c12-9d1d-40c0e5f3cab2,amateur.partners,available,20.99,71.99,high,low,7,namesilo,,,22/09/2026 03:21
f9a46266-4b60-46ad-88ec-727ace05cfd1,athletics.partners,available,,,high,medium,9,,,,
8d54e094-d80a-4465-8628-255054a16a55,canny.partners,available,10.48,88.98,high,low,5,namecheap,,,11/08/2026 13:23
17916fc1-ed9b-4c01-8528-676a61a193ee,woodstock.partners,available,10.48,88.98,high,low,9,namecheap,,,25/09/2026 21:23
acb857dd-8ccc-4c19-a480-14d499092636,bulla.partners,available,10.48,88.98,medium,low,5,namecheap,,,24/09/2026 05:20
a105745e-cecd-43d2-a779-f021617bcbeb,scoff.partners,available,10.48,88.98,medium,low,5,namecheap,,,22/08/2026 12:41
9eee1ac8-f58b-4afd-ab4f-3c84290bf108,freely.partners,available,13.99,,high,low,6,name.com,,,
d785363f-3b54-48bb-90e4-ec3fc5a70489,rages.partners,available,20.99,71.99,low,low,5,namesilo,,,20/09/2026 11:24
296102f5-e485-4ddb-a651-ebeb30355202,outgoing.partners,available,10.48,88.98,high,low,8,namecheap,,,18/08/2026 12:37
e18c11f8-03a2-4d96-a8e0-fd706c3abd27,duple.partners,available,10.48,88.98,medium,low,5,namecheap,,,14/08/2026 20:37
48a87097-bc74-482c-ba2b-21d48f13710c,makomako.partners,available,10.48,88.98,medium,low,8,namecheap,,,20/09/2026 05:57
4ca41768-7156-415f-aea0-95eb4d42c8b3,min.partners,available,10.48,88.98,high,low,3,namecheap,,,25/08/2026 00:58
df5ef408-8524-4dba-a617-ae93f592a3f9,gymnastic.partners,available,10.48,88.98,high,low,9,namecheap,,,
778b4bdb-18bb-47cf-baba-4a69c9660522,diseased.partners,available,10.48,88.98,medium,low,8,namecheap,,,14/08/2026 10:08
9a4bd665-0ee3-4855-a0d1-0b41fc705dfb,whipping.partners,available,10.48,88.98,medium,low,8,namecheap,,,22/08/2026 20:12
f935465f-7c5c-4396-96d8-d62322f9f693,gloriously.partners,available,10.48,88.98,high,low,10,namecheap,,,14/09/2026 21:45
b22bf9fc-75ee-46e4-a0ac-87cf90e23fb7,noteworthy.partners,available,10.48,88.98,high,low,10,namecheap,,,03/09/2026 22:01
73f51416-7482-4f31-937f-d4317a51fe71,nails.partners,available,13.99,,high,low,5,name.com,,,
b2b08121-253d-43c8-99ec-b6a66a15fc8d,advertised.partners,available,10.48,88.98,medium,low,10,namecheap,,,
8b08296e-25ae-4596-9dd9-3d9e49e4bcc5,indexical.partners,available,10.48,88.98,medium,low,9,namecheap,,,22/08/2026 02:53
3778a40d-3aec-4bdf-a69f-5ac0c1d14e2b,coffeepots.partners,available,10.48,88.98,medium,low,10,namecheap,,,21/09/2026 00:56
248bb262-78a5-45df-8570-e18114f3f2da,arcadic.partners,available,20.99,71.99,medium,low,7,namesilo,,,20/09/2026 01:36
dfb24a65-3e5d-4294-8503-a03c0ce64955,tort.partners,available,20.99,71.99,high,low,4,namesilo,,,24/09/2026 15:10
d0b7bc96-27e4-46e2-b192-e875cb026160,upland.partners,available,10.48,88.98,medium,low,6,namecheap,,,21/08/2026 09:14
f9969dc1-cf9b-4caf-83b2-c6d031de9506,fizzy.partners,available,10.48,88.98,high,low,5,namecheap,,,18/08/2026 06:03
ef53842c-596f-43ee-980f-42cd81f11074,opening.partners,available,10.48,88.98,high,low,7,namecheap,,,04/09/2026 16:15
94ec1bca-9662-4460-9dde-55f8b800ca91,curvey.partners,available,10.48,88.98,medium,low,6,namecheap,,,13/08/2026 11:51
223ccbaf-ce99-4d10-adbe-b84d5a9f2bef,sevenup.partners,available,13.99,,high,low,8,name.com,,,
9c5a89ee-a224-45ee-9c0b-316c9af97958,medium.partners,available,20.99,71.99,high,low,6,namesilo,,,25/09/2026 10:31
7d2862be-6b39-409b-ab46-cf2c149a3e24,publicly.partners,available,13.99,,high,low,8,name.com,,,
4ae02f61-0fc1-4725-aeda-f78fb04b7ea1,gayal.partners,available,20.99,71.99,medium,low,5,namesilo,,,23/09/2026 13:03
f8fbdc75-4410-4552-824b-510114ef5c69,unforeseen.partners,available,10.48,88.98,high,low,10,namecheap,,,04/09/2026 18:50
c1e4ea06-bf5c-4681-9414-718eefa9f45b,murmuring.partners,available,10.48,88.98,high,low,9,namecheap,,,03/09/2026 11:06
fa927c88-16b2-4157-9ea7-80b6c122e238,unvalued.partners,available,10.48,88.98,medium,low,8,namecheap,,,12/09/2026 22:02
3db41df4-068f-4845-be46-95ab027ce15c,perceptual.partners,available,10.48,88.98,high,low,10,namecheap,,,08/09/2026 16:15
61c4f5f8-03dd-41ab-abea-dc612b7d7f5f,curved.partners,available,10.48,88.98,high,low,6,namecheap,,,13/08/2026 11:47
4d720834-34da-490e-ba14-60c8b0e2b452,basketry.partners,available,20.99,71.99,medium,low,8,namesilo,,,22/09/2026 11:28
de05907b-f873-46b3-8e06-7197eac8e12d,unladylike.partners,available,10.48,88.98,medium,low,10,namecheap,,,12/09/2026 14:39
75504c30-9681-4bde-944b-20dff748ee6b,tilefish.partners,available,10.48,88.98,medium,low,8,namecheap,,,24/09/2026 04:04
a397099a-bb08-467d-be3b-c2256609f3f1,apatura.partners,available,20.99,71.99,medium,low,7,namesilo,,,19/09/2026 16:22
07f24d34-04bb-48e1-84f9-084d4bb944e8,autogyro.partners,available,10.48,88.98,medium,low,8,namecheap,,,21/09/2026 06:23
575608fc-2e20-4096-9e41-0f8d99b96d1d,paneled.partners,available,10.48,88.98,medium,low,7,namecheap,,,05/09/2026 00:50
37285a26-a871-4d69-9666-2bade79431f5,ferocious.partners,available,10.48,88.98,medium,low,9,namecheap,,,18/08/2026 02:05
e56c87b9-ecbd-483f-b31d-e27c5fc4880a,fruitfully.partners,available,10.48,88.98,high,low,10,namecheap,,,14/09/2026 20:27
cede47d5-b27b-4592-bc39-24d666a5e740,chaste.partners,available,10.48,88.98,high,low,6,namecheap,,,12/08/2026 03:11
f2baaab6-389d-48a6-a3f2-bf0a561a364e,teutonic.partners,available,10.48,88.98,medium,low,8,namecheap,,,11/09/2026 12:13
8402be32-523b-4cce-84d3-238fdfc1bc53,debauched.partners,available,13.99,92.99,medium,low,9,name.com,,,13/08/2026 20:14
1e1519be-f405-4cb1-ab4b-746bef6cde77,discomfort.partners,available,13.99,,high,low,10,name.com,,,
5b757785-38ae-4283-88af-40f7a010d4f4,beloved.partners,available,10.48,88.98,high,low,7,namecheap,,,09/08/2026 13:47
da0f23d3-2476-416a-b232-9fd908b17d1b,khomeini.partners,available,20.99,71.99,high,low,8,namesilo,,,21/09/2026 10:36
bbe9008a-c61c-4bac-b936-81c963b8f575,inhibit.partners,available,13.99,,high,low,7,name.com,,,
bd7c5ed5-1189-4637-b83f-860f9d60933c,equid.partners,available,10.48,88.98,medium,low,5,namecheap,,,17/08/2026 11:47
03cae695-98b4-41df-bd5f-26b7c47225a2,whap.partners,available,20.99,71.99,medium,low,4,namesilo,,,22/09/2026 10:30
028eb2b9-8922-48e5-b3f0-ef1e0387dd80,louise.partners,available,20.99,71.99,high,low,6,namesilo,,,25/09/2026 13:47
41b02241-e8fd-488e-bf93-f701c9a1b740,brainwash.partners,available,13.99,,high,low,9,name.com,,,
4594f5b7-c10c-4d80-b7b4-9f0278fc19d4,fulgurous.partners,available,13.99,92.99,medium,low,9,name.com,,,13/08/2026 19:01
3d188d0f-4477-40d3-afe8-b36acf35f089,deepen.partners,available,10.48,88.98,high,low,6,namecheap,,,12/08/2026 19:32
836f8622-524d-40fc-a9b4-1cd0dc192181,schematic.partners,available,10.48,88.98,high,low,9,namecheap,,,09/09/2026 23:02
ef463db6-8eb4-4888-b687-4ac40ac7539f,earthborn.partners,available,10.48,88.98,medium,low,9,namecheap,,,14/08/2026 22:35
291be9ec-2883-4491-a231-99e455245ffb,bathsheba.partners,available,20.99,71.99,medium,low,9,namesilo,,,22/09/2026 13:52
6637bf07-f951-40b1-995b-d13d74d01ff4,wiggly.partners,available,10.48,88.98,high,low,6,namecheap,,,10/09/2026 08:40
dff54143-9bd0-404f-ac2e-8351fdcd770e,fijian.partners,available,10.48,88.98,high,low,6,namecheap,,,18/08/2026 04:02
e2b8068b-5c23-4c17-8b74-ac9d8fd41859,troth.partners,available,20.99,71.99,medium,low,5,namesilo,,,23/09/2026 11:35
a90d913f-f6c8-49a1-b0a3-e35025770b7d,sacking.partners,available,13.99,92.99,medium,low,7,name.com,,,21/09/2026 18:04
56f91fb6-8416-4735-8097-9a41203976aa,manually.partners,available,10.48,88.98,medium,low,8,namecheap,,,15/09/2026 13:27
5793dd80-aeb8-4165-b4c4-520a5a6080a4,sourish.partners,available,10.48,88.98,medium,low,7,namecheap,,,22/08/2026 23:29
c2dad7dc-b533-4298-9759-5aa28127d2cd,exultant.partners,available,10.48,88.98,high,low,8,namecheap,,,17/08/2026 19:42
e3722a20-2d68-4b5e-9954-ebeeeccd0203,blae.partners,available,10.48,88.98,medium,low,4,namecheap,,,10/08/2026 12:24
43c74482-16aa-40d1-89a4-3f607664f533,enatic.partners,available,10.48,88.98,medium,low,6,namecheap,,,16/08/2026 21:20
9a4b5e0e-20dd-43b0-a0dc-d377e4b6e2ec,steady.partners,available,10.48,88.98,high,low,6,namecheap,,,24/09/2026 18:34
c56ca10b-a5ea-4bf0-8356-c86dbcb9d2a2,migrator.partners,available,10.48,88.98,medium,low,8,namecheap,,,24/08/2026 22:51
06b7f36c-ae64-4db1-b98c-651ded340c17,taxable.partners,available,10.48,88.98,medium,low,7,namecheap,,,03/09/2026 19:07
fc67908c-1285-4d2a-a7d1-65fb75615610,indigene.partners,available,10.48,88.98,medium,low,8,namecheap,,,03/09/2026 13:49
ca620ef4-45cc-4022-a952-239b4c262b3e,yum.partners,available,13.99,,high,low,3,name.com,,,
bb1dee98-16a8-476b-b74e-13360cf9bb9a,tutelar.partners,available,10.48,88.98,high,low,7,namecheap,,,13/08/2026 12:23
c119af35-1d84-4f4c-bbff-12dc6c73fe13,poetical.partners,available,10.48,88.98,high,low,8,namecheap,,,08/09/2026 22:34
674d8a7b-d47d-49dc-9a14-d81d0169a037,piebald.partners,available,10.48,88.98,medium,low,7,namecheap,,,03/09/2026 10:37
9d7475f5-b54a-4bf1-a982-8da6c70e4dbf,purse.partners,available,20.99,71.99,high,low,5,namesilo,,,25/09/2026 23:04
6c25adaf-eb58-4c9d-94af-4db85449d7cc,branded.partners,premium,118.8,118.8,high,low,7,namesilo,,,23/09/2026 02:22